--Los insert para la tabla invsuministro
INSERT INTO `invsuministros` (`IdSuministro`, `Nombre`, `Caracteristicas`, `Estado`, `TipoSuministro`, `IdSucursal`) VALUES (1, 'Tablas', 'Tamaño Grade', '1', 'Contrucción', '1');

INSERT INTO `invsuministros` (`IdSuministro`, `Nombre`, `Caracteristicas`, `Estado`, `TipoSuministro`, `IdSucursal`) VALUES (2, 'Mesa', 'Tamaño Grade', '1', 'Contrucción', '1');

INSERT INTO `invsuministros` (`IdSuministro`, `Nombre`, `Caracteristicas`, `Estado`, `TipoSuministro`, `IdSucursal`) VALUES (3, 'Gasolina', 'Tamaño Mediano', '1', 'Contrucción', '1');

INSERT INTO `invsuministros` (`IdSuministro`, `Nombre`, `Caracteristicas`, `Estado`, `TipoSuministro`, `IdSucursal`) VALUES (4, 'Llantas', 'Para Camión', '1', 'Transporte', '1');

INSERT INTO `invsuministros` (`IdSuministro`, `Nombre`, `Caracteristicas`, `Estado`, `TipoSuministro`, `IdSucursal`) VALUES (5, 'Tornillos', 'Tamaño Grade', '1', 'Contrucción', '1');

INSERT INTO `invsuministros` (`IdSuministro`, `Nombre`, `Caracteristicas`, `Estado`, `TipoSuministro`, `IdSucursal`) VALUES (6, 'Monitores', 'De 15 pungadas', '1', 'Computación', '1');

INSERT INTO `invsuministros` (`IdSuministro`, `Nombre`, `Caracteristicas`, `Estado`, `TipoSuministro`, `IdSucursal`) VALUES (7, 'Sal', 'De Sal de grano', '1', 'Alimentos', '1');

INSERT INTO `invsuministros` (`IdSuministro`, `Nombre`, `Caracteristicas`, `Estado`, `TipoSuministro`, `IdSucursal`) VALUES (8, 'Cafe', 'De colombia', '1', 'Alimentos', '1');

INSERT INTO `invsuministros` (`IdSuministro`, `Nombre`, `Caracteristicas`, `Estado`, `TipoSuministro`, `IdSucursal`) VALUES (9, 'Chocolota', 'Sabor amargo', '1', 'Alimentos', '1');

INSERT INTO `invsuministros` (`IdSuministro`, `Nombre`, `Caracteristicas`, `Estado`, `TipoSuministro`, `IdSucursal`) VALUES (10, 'Trapeadores', 'Antibacterial', '1', 'Limpieza', '1');

INSERT INTO `invsuministros` (`IdSuministro`, `Nombre`, `Caracteristicas`, `Estado`, `TipoSuministro`, `IdSucursal`) VALUES (11, 'Tablas', 'Tamaño Grade', '0', 'Contrucción', '1');

INSERT INTO `invsuministros` (`IdSuministro`, `Nombre`, `Caracteristicas`, `Estado`, `TipoSuministro`, `IdSucursal`) VALUES (12, 'Siilas', 'Tamaño Grade', '1', 'Contrucción', '1');

INSERT INTO `invsuministros` (`IdSuministro`, `Nombre`, `Caracteristicas`, `Estado`, `TipoSuministro`, `IdSucursal`) VALUES (13, 'Zapatos', 'Talla 17', '1', 'Limpieza', '1');

INSERT INTO `invsuministros` (`IdSuministro`, `Nombre`, `Caracteristicas`, `Estado`, `TipoSuministro`, `IdSucursal`) VALUES (14, 'Cables', 'Tamaño Grade', '1', 'Contrucción', '1');

INSERT INTO `invsuministros` (`IdSuministro`, `Nombre`, `Caracteristicas`, `Estado`, `TipoSuministro`, `IdSucursal`) VALUES (15, 'Papel', 'Tamaño Grade', '0', 'Oficina', '1');

INSERT INTO `invsuministros` (`IdSuministro`, `Nombre`, `Caracteristicas`, `Estado`, `TipoSuministro`, `IdSucursal`) VALUES (16, 'Cartulina', 'Tamaño Grade', '1', 'Oficina', '1');

INSERT INTO `invsuministros` (`IdSuministro`, `Nombre`, `Caracteristicas`, `Estado`, `TipoSuministro`, `IdSucursal`) VALUES (17, 'Teclados', 'Color Blanco', '1', 'Contrucción', '1');

INSERT INTO `invsuministros` (`IdSuministro`, `Nombre`, `Caracteristicas`, `Estado`, `TipoSuministro`, `IdSucursal`) VALUES (18, 'Ratones', 'Blanco', '0', 'Oficina', '1');

INSERT INTO `invsuministros` (`IdSuministro`, `Nombre`, `Caracteristicas`, `Estado`, `TipoSuministro`, `IdSucursal`) VALUES (19, 'Carton', 'Tamaño Grade', '1', 'Oficina', '1');

INSERT INTO `invsuministros` (`IdSuministro`, `Nombre`, `Caracteristicas`, `Estado`, `TipoSuministro`, `IdSucursal`) VALUES (20, 'Extensiones', 'Tamaño Grade', '0', 'Contrucción', '1');



--Los Insert  para la tabla Entrega

INSERT INTO `logentregas` (`IdEntrega`, `Fecha`, `Status`, `Observaciones`, `NombreReceptor`) VALUES (1, '2016-11-01', '1', 'Lllego bien', 'Eric Zubin');

INSERT INTO `logentregas` (`IdEntrega`, `Fecha`, `Status`, `Observaciones`, `NombreReceptor`) VALUES (2, '2016-11-01', '1', 'Lllego bien', 'Eric Zubin');

INSERT INTO `logentregas` (`IdEntrega`, `Fecha`, `Status`, `Observaciones`, `NombreReceptor`) VALUES (3, '2016-11-01', '1', 'Lllego bien', 'Eric Zubin');

INSERT INTO `logentregas` (`IdEntrega`, `Fecha`, `Status`, `Observaciones`, `NombreReceptor`) VALUES (4, '2016-11-01', '1', 'Lllego bien', 'Eric Zubin');

INSERT INTO `logentregas` (`IdEntrega`, `Fecha`, `Status`, `Observaciones`, `NombreReceptor`) VALUES (5, '2016-11-01', '1', 'Lllego bien', 'Eric Zubin');

INSERT INTO `logentregas` (`IdEntrega`, `Fecha`, `Status`, `Observaciones`, `NombreReceptor`) VALUES (6, '2016-11-01', '1', 'Lllego bien', 'Eric Zubin');

INSERT INTO `logentregas` (`IdEntrega`, `Fecha`, `Status`, `Observaciones`, `NombreReceptor`) VALUES (7, '2016-11-01', '1', 'Lllego bien', 'Eric Zubin');

INSERT INTO `logentregas` (`IdEntrega`, `Fecha`, `Status`, `Observaciones`, `NombreReceptor`) VALUES (8, '2016-11-01', '1', 'Lllego bien', 'Eric Zubin');

INSERT INTO `logentregas` (`IdEntrega`, `Fecha`, `Status`, `Observaciones`, `NombreReceptor`) VALUES (9, '2016-11-01', '1', 'Lllego bien', 'Eric Zubin');

INSERT INTO `logentregas` (`IdEntrega`, `Fecha`, `Status`, `Observaciones`, `NombreReceptor`) VALUES (10, '2016-11-01', '1', 'Lllego bien', 'Eric Zubin');

INSERT INTO `logentregas` (`IdEntrega`, `Fecha`, `Status`, `Observaciones`, `NombreReceptor`) VALUES (11, '2016-11-01', '1', 'Lllego bien', 'Eric Zubin');

INSERT INTO `logentregas` (`IdEntrega`, `Fecha`, `Status`, `Observaciones`, `NombreReceptor`) VALUES (12, '2016-11-01', '1', 'Lllego bien', 'Eric Zubin');

INSERT INTO `logentregas` (`IdEntrega`, `Fecha`, `Status`, `Observaciones`, `NombreReceptor`) VALUES (13, '2016-11-01', '1', 'Lllego bien', 'Eric Zubin');

INSERT INTO `logentregas` (`IdEntrega`, `Fecha`, `Status`, `Observaciones`, `NombreReceptor`) VALUES (14, '2016-11-01', '1', 'Lllego bien', 'Eric Zubin');

INSERT INTO `logentregas` (`IdEntrega`, `Fecha`, `Status`, `Observaciones`, `NombreReceptor`) VALUES (15, '2016-11-01', '1', 'Lllego bien', 'Eric Zubin');

INSERT INTO `logentregas` (`IdEntrega`, `Fecha`, `Status`, `Observaciones`, `NombreReceptor`) VALUES (16, '2016-11-01', '1', 'Lllego bien', 'Eric Zubin');

INSERT INTO `logentregas` (`IdEntrega`, `Fecha`, `Status`, `Observaciones`, `NombreReceptor`) VALUES (17, '2016-11-01', '1', 'Lllego bien', 'Eric Zubin');

INSERT INTO `logentregas` (`IdEntrega`, `Fecha`, `Status`, `Observaciones`, `NombreReceptor`) VALUES (18, '2016-11-01', '1', 'Lllego bien', 'Eric Zubin');

INSERT INTO `logentregas` (`IdEntrega`, `Fecha`, `Status`, `Observaciones`, `NombreReceptor`) VALUES (19, '2016-11-01', '1', 'Lllego bien', 'Eric Zubin');

INSERT INTO `logentregas` (`IdEntrega`, `Fecha`, `Status`, `Observaciones`, `NombreReceptor`) VALUES (20, '2016-11-01', '1', 'Lllego bien', 'Eric Zubin');


--Insertar Envios

INSERT INTO `logenvios` (`IdEnvio`, `Fecha`, `Status`, `Observaciones`, `DomicilioEntrega`, `IdFormaEnvio`, `IdEntrega`, `IdVenta`) VALUES (1, '2016-11-08', 1, "Enviar empaquetado", NULL, 1, 1, 1);

INSERT INTO `logenvios` (`IdEnvio`, `Fecha`, `Status`, `Observaciones`, `DomicilioEntrega`, `IdFormaEnvio`, `IdEntrega`, `IdVenta`) VALUES (2, '2016-11-09', 1, "enviar Cajar", NULL, 2, 3, 1);

INSERT INTO `logenvios` (`IdEnvio`, `Fecha`, `Status`, `Observaciones`, `DomicilioEntrega`, `IdFormaEnvio`, `IdEntrega`, `IdVenta`) VALUES (3, '2016-11-10', 1, "Enviar empaquetado", NULL, 3, 5, 3);

INSERT INTO `logenvios` (`IdEnvio`, `Fecha`, `Status`, `Observaciones`, `DomicilioEntrega`, `IdFormaEnvio`, `IdEntrega`, `IdVenta`) VALUES (4, '2016-09-08', 1, "Enviar empaquetado", NULL, 4, 6, 4);

INSERT INTO `logenvios` (`IdEnvio`, `Fecha`, `Status`, `Observaciones`, `DomicilioEntrega`, `IdFormaEnvio`, `IdEntrega`, `IdVenta`) VALUES (5, '2016-05-08', 1, "Enviar Cajas Blancas", NULL, 5, 7, 5);

INSERT INTO `logenvios` (`IdEnvio`, `Fecha`, `Status`, `Observaciones`, `DomicilioEntrega`, `IdFormaEnvio`, `IdEntrega`, `IdVenta`) VALUES (6, '2016-03-08', 1, "Enviar en Cajas Negras", NULL, 1, 4, 6);

INSERT INTO `logenvios` (`IdEnvio`, `Fecha`, `Status`, `Observaciones`, `DomicilioEntrega`, `IdFormaEnvio`, `IdEntrega`, `IdVenta`) VALUES (7, '2016-12-08', 1, "Enviar en Cajas Negras", NULL, 1, 3, 2);

INSERT INTO `logenvios` (`IdEnvio`, `Fecha`, `Status`, `Observaciones`, `DomicilioEntrega`, `IdFormaEnvio`, `IdEntrega`, `IdVenta`) VALUES (8, '2016-03-04', 1, "Enviar empaquetado", NULL, 1, 5, 4);

INSERT INTO `logenvios` (`IdEnvio`, `Fecha`, `Status`, `Observaciones`, `DomicilioEntrega`, `IdFormaEnvio`, `IdEntrega`, `IdVenta`) VALUES (9, '2016-12-08', 0, "Enviar empaquetado", NULL, 2, 7, 6);

INSERT INTO `logenvios` (`IdEnvio`, `Fecha`, `Status`, `Observaciones`, `DomicilioEntrega`, `IdFormaEnvio`, `IdEntrega`, `IdVenta`) VALUES (10, '2016-10-08', 0, "Enviar en Cajas Negras", NULL, 1, 5, 7);

INSERT INTO `logenvios` (`IdEnvio`, `Fecha`, `Status`, `Observaciones`, `DomicilioEntrega`, `IdFormaEnvio`, `IdEntrega`, `IdVenta`) VALUES (11, '2016-11-03', 0, "Enviar Cajas Blancas", NULL, 1, 6, 9);

INSERT INTO `logenvios` (`IdEnvio`, `Fecha`, `Status`, `Observaciones`, `DomicilioEntrega`, `IdFormaEnvio`, `IdEntrega`, `IdVenta`) VALUES (12, '2016-11-04', 0, "Enviar en Cajas Negras", NULL, 1, 4, 11);

INSERT INTO `logenvios` (`IdEnvio`, `Fecha`, `Status`, `Observaciones`, `DomicilioEntrega`, `IdFormaEnvio`, `IdEntrega`, `IdVenta`) VALUES (13, '2016-10-11', 0, "Enviar Cajas Blancas", NULL, 1, 5, 2);

INSERT INTO `logenvios` (`IdEnvio`, `Fecha`, `Status`, `Observaciones`, `DomicilioEntrega`, `IdFormaEnvio`, `IdEntrega`, `IdVenta`) VALUES (14, '2016-11-10', 0, "Enviar empaquetado", NULL, 1, 6, 3);

INSERT INTO `logenvios` (`IdEnvio`, `Fecha`, `Status`, `Observaciones`, `DomicilioEntrega`, `IdFormaEnvio`, `IdEntrega`, `IdVenta`) VALUES (15, '2016-09-09', 0, "Enviar empaquetado", NULL, 2, 7, 4);

INSERT INTO `logenvios` (`IdEnvio`, `Fecha`, `Status`, `Observaciones`, `DomicilioEntrega`, `IdFormaEnvio`, `IdEntrega`, `IdVenta`) VALUES (16, '2016-11-08', 0, "Enviar empaquetado", NULL, 3, 4, 5);

INSERT INTO `logenvios` (`IdEnvio`, `Fecha`, `Status`, `Observaciones`, `DomicilioEntrega`, `IdFormaEnvio`, `IdEntrega`, `IdVenta`) VALUES (17, '2016-11-08', 0, "Enviar en Cajas Negras", NULL, 2, 5, 6);

INSERT INTO `logenvios` (`IdEnvio`, `Fecha`, `Status`, `Observaciones`, `DomicilioEntrega`, `IdFormaEnvio`, `IdEntrega`, `IdVenta`) VALUES (18, '2016-11-08', 0, "Enviar Cajas Blancas", NULL, 1, 6, 7);

INSERT INTO `logenvios` (`IdEnvio`, `Fecha`, `Status`, `Observaciones`, `DomicilioEntrega`, `IdFormaEnvio`, `IdEntrega`, `IdVenta`) VALUES (19, '2016-11-08', 1, "Enviar empaquetado", NULL, 1, 7, 8);

INSERT INTO `logenvios` (`IdEnvio`, `Fecha`, `Status`, `Observaciones`, `DomicilioEntrega`, `IdFormaEnvio`, `IdEntrega`, `IdVenta`) VALUES (20, '2016-11-08', 1, "Enviar Cajas Blancas", NULL, 1, 3, 9);



 
---Insert  Forma De envio

INSERT INTO `logformasdeenvio` (`IdFormaEnvio`, `Nombre`, `Status`, `Observacion`) VALUES (1, 'Estafeta', '1', 'Muy Rapido');

INSERT INTO `logformasdeenvio` (`IdFormaEnvio`, `Nombre`, `Status`, `Observacion`) VALUES (2, 'Estafeta 1', '0', 'Muy Rapido');

INSERT INTO `logformasdeenvio` (`IdFormaEnvio`, `Nombre`, `Status`, `Observacion`) VALUES (3, 'Mones', '1', 'Muy Rapido');

INSERT INTO `logformasdeenvio` (`IdFormaEnvio`, `Nombre`, `Status`, `Observacion`) VALUES (4, 'sdsfaf', '1', 'Muy Rapido');

INSERT INTO `logformasdeenvio` (`IdFormaEnvio`, `Nombre`, `Status`, `Observacion`) VALUES (5, '10 segundos', '1', 'Muy Rapido');

INSERT INTO `logformasdeenvio` (`IdFormaEnvio`, `Nombre`, `Status`, `Observacion`) VALUES (6, 'DELll', '1', 'Muy Lento');

INSERT INTO `logformasdeenvio` (`IdFormaEnvio`, `Nombre`, `Status`, `Observacion`) VALUES (7, 'Amarrilla', '1', 'Muy Lento');

INSERT INTO `logformasdeenvio` (`IdFormaEnvio`, `Nombre`, `Status`, `Observacion`) VALUES (8, 'Venta Amarilllas', '1', 'Muy Lento');

INSERT INTO `logformasdeenvio` (`IdFormaEnvio`, `Nombre`, `Status`, `Observacion`) VALUES (9, 'Envio Rapidin', '0', 'Muy Lento');

INSERT INTO `logformasdeenvio` (`IdFormaEnvio`, `Nombre`, `Status`, `Observacion`) VALUES (10, 'Naksd', '0', 'Muy Caro');

INSERT INTO `logformasdeenvio` (`IdFormaEnvio`, `Nombre`, `Status`, `Observacion`) VALUES (11, 'sdff', '0', 'Muy Caro');

INSERT INTO `logformasdeenvio` (`IdFormaEnvio`, `Nombre`, `Status`, `Observacion`) VALUES (12, 'Del MAx', '0', 'Muy Caro');

INSERT INTO `logformasdeenvio` (`IdFormaEnvio`, `Nombre`, `Status`, `Observacion`) VALUES (13, 'sf', '1', 'Muy Rapido');

INSERT INTO `logformasdeenvio` (`IdFormaEnvio`, `Nombre`, `Status`, `Observacion`) VALUES (14, 'MASFW', '1', 'Muy Rapido');

INSERT INTO `logformasdeenvio` (`IdFormaEnvio`, `Nombre`, `Status`, `Observacion`) VALUES (15, 'tohisba', '1', 'Muy Lento');

INSERT INTO `logformasdeenvio` (`IdFormaEnvio`, `Nombre`, `Status`, `Observacion`) VALUES (16, 'tall', '0', 'Muy Lento');

INSERT INTO `logformasdeenvio` (`IdFormaEnvio`, `Nombre`, `Status`, `Observacion`) VALUES (17, 'ohh', '0', 'Muy Caro');

INSERT INTO `logformasdeenvio` (`IdFormaEnvio`, `Nombre`, `Status`, `Observacion`) VALUES (18, 'eddd', '0', 'Muy Caro');

INSERT INTO `logformasdeenvio` (`IdFormaEnvio`, `Nombre`, `Status`, `Observacion`) VALUES (19, 'eddy', '0', 'Muy Rapido');

INSERT INTO `logformasdeenvio` (`IdFormaEnvio`, `Nombre`, `Status`, `Observacion`) VALUES (20, 'Eseedftafeta', '1', 'Muy Rapido');

--  Los insert 

INSERT INTO `rhdepartamentos` (`IdDepartamentos`, `Nombre`, `Localizacion`, `Status`) VALUES (1, '', 'Edificio 1', '1');

INSERT INTO `rhdepartamentos` (`IdDepartamentos`, `Nombre`, `Localizacion`, `Status`) VALUES (2, '', 'Edificio 2', '1');

INSERT INTO `rhdepartamentos` (`IdDepartamentos`, `Nombre`, `Localizacion`, `Status`) VALUES (3, '', 'Edificio 3', '1');

INSERT INTO `rhdepartamentos` (`IdDepartamentos`, `Nombre`, `Localizacion`, `Status`) VALUES (4, '', 'Edificio 11', '1');

INSERT INTO `rhdepartamentos` (`IdDepartamentos`, `Nombre`, `Localizacion`, `Status`) VALUES (5, '', 'Edificio 2', '1');

INSERT INTO `rhdepartamentos` (`IdDepartamentos`, `Nombre`, `Localizacion`, `Status`) VALUES (6, '', 'Oficina 1', '0');

INSERT INTO `rhdepartamentos` (`IdDepartamentos`, `Nombre`, `Localizacion`, `Status`) VALUES (7, '', 'Oficina 2', '0');

INSERT INTO `rhdepartamentos` (`IdDepartamentos`, `Nombre`, `Localizacion`, `Status`) VALUES (8, '', 'Oficina 3', '0');

INSERT INTO `rhdepartamentos` (`IdDepartamentos`, `Nombre`, `Localizacion`, `Status`) VALUES (9, '', 'Oficina 1', '0');

INSERT INTO `rhdepartamentos` (`IdDepartamentos`, `Nombre`, `Localizacion`, `Status`) VALUES (10, '', 'Oficina 1', '1');

INSERT INTO `rhdepartamentos` (`IdDepartamentos`, `Nombre`, `Localizacion`, `Status`) VALUES (11, '', 'Oficina 1', '1');

INSERT INTO `rhdepartamentos` (`IdDepartamentos`, `Nombre`, `Localizacion`, `Status`) VALUES (12, '', 'Oficina 10', '1');

INSERT INTO `rhdepartamentos` (`IdDepartamentos`, `Nombre`, `Localizacion`, `Status`) VALUES (13, '', 'Oficina 1 Edificio 1', '1');

INSERT INTO `rhdepartamentos` (`IdDepartamentos`, `Nombre`, `Localizacion`, `Status`) VALUES (14, '', 'Oficina 1 Edificio 1', '1');

INSERT INTO `rhdepartamentos` (`IdDepartamentos`, `Nombre`, `Localizacion`, `Status`) VALUES (15, '', 'Oficina 15 Edificio 5', '1');

INSERT INTO `rhdepartamentos` (`IdDepartamentos`, `Nombre`, `Localizacion`, `Status`) VALUES (16, '', 'Oficina 4 Edificio 1', '1');

INSERT INTO `rhdepartamentos` (`IdDepartamentos`, `Nombre`, `Localizacion`, `Status`) VALUES (17, '', 'Oficina 1 Edificio 8', '0');

INSERT INTO `rhdepartamentos` (`IdDepartamentos`, `Nombre`, `Localizacion`, `Status`) VALUES (18, '', 'Oficina 7 Edificio 5', '0');

INSERT INTO `rhdepartamentos` (`IdDepartamentos`, `Nombre`, `Localizacion`, `Status`) VALUES (19, '', 'Oficina 1 Edificio 4', '1');

INSERT INTO `rhdepartamentos` (`IdDepartamentos`, `Nombre`, `Localizacion`, `Status`) VALUES (20, '', 'Oficina 1 Edificio 3', '1');


---Insertar Empleados

INSERT INTO rhempleados (IdEmpleado,Nombre,Telefono,Direccion,FechaNacimiento,FechaContratacion,RFC,IMSS,Correo,Sexo,EstadoCivil,CURP,IdDepartamento,IdPuesto,IdNomina,IdCuenta,IdDepartamentos,IdTurno,IdCompra,IdVenta) VALUES (1,"Nola Hale","442137174","P.O. Box 766, 794 Eu Rd.","2016-07-29","2017-07-09","561624305","750144727","gravida.sit.amet@adlitora.com",0,0,"1627021974299",1,10,8,6,13,13,9,7),(2,"Aline Chavez","442137174","Ap #955-247 Eu Street","2017-02-11","2017-07-10","322090515","366243616","mauris@mollis.ca",1,1,"1657071022799",18,13,12,18,12,7,8,2),(3,"Simone Livingston","442137174","Ap #867-4097 Arcu. Av.","2017-07-18","2016-12-13","806433579","150939270","sed.turpis.nec@purusaccumsaninterdum.co.uk",1,0,"1656050233799",1,16,8,5,16,15,12,3),(4,"Autumn Ray","442137174","1428 Donec Avenue","2017-11-11","2016-09-27","155532575","627017072","neque@purus.net",1,0,"1653012709199",9,18,9,10,10,2,17,10),(5,"Geraldine Vaughn","442137174","6330 Lectus St.","2016-01-13","2017-08-17","471259440","899631477","nulla@vulputate.com",0,0,"1627042310699",6,7,15,12,13,14,16,20),(6,"Freya Bowman","442137174","9836 Donec Street","2017-07-01","2015-11-25","716608765","299635409","et.euismod.et@liberolacus.com",0,0,"1668090410599",5,18,16,8,12,15,15,5),(7,"Lillian Moody","442137174","Ap #984-1996 Lorem Ave","2017-03-22","2017-02-24","812436616","007506488","purus@tellus.ca",0,0,"1695111055099",10,14,11,12,13,4,2,8),(8,"Marcia Benson","442137174","Ap #402-6686 Nunc St.","2016-02-12","2016-06-17","796734606","764592580","lacus@nonnisiAenean.ca",1,0,"1697071737499",5,11,12,19,19,10,19,20),(9,"Carly Woodward","442137174","Ap #557-3114 Et, St.","2016-11-16","2016-09-06","385471628","103248894","gravida.Aliquam.tincidunt@pede.com",1,1,"1616081256199",13,6,5,19,6,11,18,2),(10,"Amelia Peck","442137174","Ap #409-3164 Ipsum. St.","2015-11-25","2017-04-28","664166105","018924399","tincidunt@disparturientmontes.org",1,1,"1651060542199",5,16,15,2,18,4,2,4);
INSERT INTO rhempleados (IdEmpleado,Nombre,Telefono,Direccion,FechaNacimiento,FechaContratacion,RFC,IMSS,Correo,Sexo,EstadoCivil,CURP,IdDepartamento,IdPuesto,IdNomina,IdCuenta,IdDepartamentos,IdTurno,IdCompra,IdVenta) VALUES (11,"Eugenia Lott","442137174","Ap #842-124 Mollis Rd.","2016-12-12","2016-01-02","175625672","249252552","et.nunc.Quisque@nulla.com",0,1,"1683041895599",8,11,9,7,12,10,5,13),(12,"Lois Knight","442137174","Ap #948-3100 Dignissim. Rd.","2017-05-10","2017-05-07","564184794","908702806","magna@Nunccommodo.ca",1,0,"1665101095199",12,7,15,16,10,17,19,9),(13,"Ramona Benton","442137174","Ap #875-276 In Avenue","2016-01-12","2017-05-21","994963692","588025734","vitae.velit@tinciduntaliquamarcu.net",1,1,"1695040652399",11,8,3,20,4,4,10,18),(14,"Charissa Armstrong","442137174","Ap #504-8825 Luctus St.","2016-09-01","2017-07-01","732795596","530083963","eu.tellus@orcisemeget.com",1,1,"1688051916099",3,20,1,10,3,15,17,7),(15,"Amethyst Kerr","442137174","4180 Vehicula St.","2017-10-27","2016-12-09","230044679","195243944","iaculis@ut.net",1,0,"1694041588399",11,3,2,9,17,7,16,10),(16,"Iola Long","442137174","Ap #664-7833 Interdum Ave","2016-06-21","2016-10-27","890032832","584633192","nunc@quamelementumat.ca",0,1,"1673043064899",4,15,13,14,5,17,3,4),(17,"Kylynn Farmer","442137174","5525 Turpis Rd.","2016-09-14","2017-10-21","396416794","912871472","velit.dui@Donecfelis.com",0,0,"1699080862299",9,6,7,3,16,15,5,17),(18,"India Oconnor","442137174","342-689 Leo. Street","2016-08-04","2016-07-26","744744186","390663177","est@Nullamvelitdui.edu",1,0,"1692052296499",12,7,15,6,20,1,16,3),(19,"Idola Newman","442137174","3043 Vivamus Road","2016-05-10","2016-03-21","544152713","718310006","sociis@tellus.co.uk",1,1,"1622031057299",11,19,3,6,17,15,1,1),(20,"Lavinia Burch","442137174","P.O. Box 842, 4496 Et St.","2016-10-14","2016-08-04","383552536","313000325","egestas.ligula@parturient.com",0,0,"1686111336099",5,17,9,10,15,1,12,2);
