--Los insert para la tabla invsuministro
INSERT INTO `invsuministros` (`IdSuministro`, `Nombre`, `Caracteristicas`, `Estado`, `TipoSuministro`, `IdSucursal`) VALUES (1, 'Tablas', 'Tamaño Grade', '1', 'Contrucción', '1');

INSERT INTO `invsuministros` (`IdSuministro`, `Nombre`, `Caracteristicas`, `Estado`, `TipoSuministro`, `IdSucursal`) VALUES (2, 'Mesa', 'Tamaño Grade', '1', 'Contrucción', '1');

INSERT INTO `invsuministros` (`IdSuministro`, `Nombre`, `Caracteristicas`, `Estado`, `TipoSuministro`, `IdSucursal`) VALUES (3, 'Gasolina', 'Tamaño Mediano', '1', 'Contrucción', '1');

INSERT INTO `invsuministros` (`IdSuministro`, `Nombre`, `Caracteristicas`, `Estado`, `TipoSuministro`, `IdSucursal`) VALUES (4, 'Llantas', 'Para Camión', '1', 'Transporte', '1');

INSERT INTO `invsuministros` (`IdSuministro`, `Nombre`, `Caracteristicas`, `Estado`, `TipoSuministro`, `IdSucursal`) VALUES (5, 'Tornillos', 'Tamaño Grade', '1', 'Contrucción', '1');

INSERT INTO `invsuministros` (`IdSuministro`, `Nombre`, `Caracteristicas`, `Estado`, `TipoSuministro`, `IdSucursal`) VALUES (6, 'Monitores', 'De 15 pungadas', '1', 'Computación', '1');

INSERT INTO `invsuministros` (`IdSuministro`, `Nombre`, `Caracteristicas`, `Estado`, `TipoSuministro`, `IdSucursal`) VALUES (7, 'Sal', 'De Sal de grano', '1', 'Alimentos', '1');

INSERT INTO `invsuministros` (`IdSuministro`, `Nombre`, `Caracteristicas`, `Estado`, `TipoSuministro`, `IdSucursal`) VALUES (8, 'Cafe', 'De colombia', '1', 'Alimentos', '1');

INSERT INTO `invsuministros` (`IdSuministro`, `Nombre`, `Caracteristicas`, `Estado`, `TipoSuministro`, `IdSucursal`) VALUES (9, 'Chocolota', 'Sabor amargo', '1', 'Alimentos', '1');

INSERT INTO `invsuministros` (`IdSuministro`, `Nombre`, `Caracteristicas`, `Estado`, `TipoSuministro`, `IdSucursal`) VALUES (10, 'Trapeadores', 'Antibacterial', '1', 'Limpieza', '1');

INSERT INTO `invsuministros` (`IdSuministro`, `Nombre`, `Caracteristicas`, `Estado`, `TipoSuministro`, `IdSucursal`) VALUES (11, 'Tablas', 'Tamaño Grade', '0', 'Contrucción', '1');

INSERT INTO `invsuministros` (`IdSuministro`, `Nombre`, `Caracteristicas`, `Estado`, `TipoSuministro`, `IdSucursal`) VALUES (12, 'Siilas', 'Tamaño Grade', '1', 'Contrucción', '1');

INSERT INTO `invsuministros` (`IdSuministro`, `Nombre`, `Caracteristicas`, `Estado`, `TipoSuministro`, `IdSucursal`) VALUES (13, 'Zapatos', 'Talla 17', '1', 'Limpieza', '1');

INSERT INTO `invsuministros` (`IdSuministro`, `Nombre`, `Caracteristicas`, `Estado`, `TipoSuministro`, `IdSucursal`) VALUES (14, 'Cables', 'Tamaño Grade', '1', 'Contrucción', '1');

INSERT INTO `invsuministros` (`IdSuministro`, `Nombre`, `Caracteristicas`, `Estado`, `TipoSuministro`, `IdSucursal`) VALUES (15, 'Papel', 'Tamaño Grade', '0', 'Oficina', '1');

INSERT INTO `invsuministros` (`IdSuministro`, `Nombre`, `Caracteristicas`, `Estado`, `TipoSuministro`, `IdSucursal`) VALUES (16, 'Cartulina', 'Tamaño Grade', '1', 'Oficina', '1');

INSERT INTO `invsuministros` (`IdSuministro`, `Nombre`, `Caracteristicas`, `Estado`, `TipoSuministro`, `IdSucursal`) VALUES (17, 'Teclados', 'Color Blanco', '1', 'Contrucción', '1');

INSERT INTO `invsuministros` (`IdSuministro`, `Nombre`, `Caracteristicas`, `Estado`, `TipoSuministro`, `IdSucursal`) VALUES (18, 'Ratones', 'Blanco', '0', 'Oficina', '1');

INSERT INTO `invsuministros` (`IdSuministro`, `Nombre`, `Caracteristicas`, `Estado`, `TipoSuministro`, `IdSucursal`) VALUES (19, 'Carton', 'Tamaño Grade', '1', 'Oficina', '1');

INSERT INTO `invsuministros` (`IdSuministro`, `Nombre`, `Caracteristicas`, `Estado`, `TipoSuministro`, `IdSucursal`) VALUES (20, 'Extensiones', 'Tamaño Grade', '0', 'Contrucción', '1');



--Los Insert  para la tabla Entrega

INSERT INTO `logentregas` (`IdEntrega`, `Fecha`, `Status`, `Observaciones`, `NombreReceptor`) VALUES (1, '2016-11-01', '1', 'Lllego bien', 'Eric Zubin');

INSERT INTO `logentregas` (`IdEntrega`, `Fecha`, `Status`, `Observaciones`, `NombreReceptor`) VALUES (2, '2016-11-01', '1', 'Lllego bien', 'Eric Zubin');

INSERT INTO `logentregas` (`IdEntrega`, `Fecha`, `Status`, `Observaciones`, `NombreReceptor`) VALUES (3, '2016-11-01', '1', 'Lllego bien', 'Eric Zubin');

INSERT INTO `logentregas` (`IdEntrega`, `Fecha`, `Status`, `Observaciones`, `NombreReceptor`) VALUES (4, '2016-11-01', '1', 'Lllego bien', 'Eric Zubin');

INSERT INTO `logentregas` (`IdEntrega`, `Fecha`, `Status`, `Observaciones`, `NombreReceptor`) VALUES (5, '2016-11-01', '1', 'Lllego bien', 'Eric Zubin');

INSERT INTO `logentregas` (`IdEntrega`, `Fecha`, `Status`, `Observaciones`, `NombreReceptor`) VALUES (6, '2016-11-01', '1', 'Lllego bien', 'Eric Zubin');

INSERT INTO `logentregas` (`IdEntrega`, `Fecha`, `Status`, `Observaciones`, `NombreReceptor`) VALUES (7, '2016-11-01', '1', 'Lllego bien', 'Eric Zubin');

INSERT INTO `logentregas` (`IdEntrega`, `Fecha`, `Status`, `Observaciones`, `NombreReceptor`) VALUES (8, '2016-11-01', '1', 'Lllego bien', 'Eric Zubin');

INSERT INTO `logentregas` (`IdEntrega`, `Fecha`, `Status`, `Observaciones`, `NombreReceptor`) VALUES (9, '2016-11-01', '1', 'Lllego bien', 'Eric Zubin');

INSERT INTO `logentregas` (`IdEntrega`, `Fecha`, `Status`, `Observaciones`, `NombreReceptor`) VALUES (10, '2016-11-01', '1', 'Lllego bien', 'Eric Zubin');

INSERT INTO `logentregas` (`IdEntrega`, `Fecha`, `Status`, `Observaciones`, `NombreReceptor`) VALUES (11, '2016-11-01', '1', 'Lllego bien', 'Eric Zubin');

INSERT INTO `logentregas` (`IdEntrega`, `Fecha`, `Status`, `Observaciones`, `NombreReceptor`) VALUES (12, '2016-11-01', '1', 'Lllego bien', 'Eric Zubin');

INSERT INTO `logentregas` (`IdEntrega`, `Fecha`, `Status`, `Observaciones`, `NombreReceptor`) VALUES (13, '2016-11-01', '1', 'Lllego bien', 'Eric Zubin');

INSERT INTO `logentregas` (`IdEntrega`, `Fecha`, `Status`, `Observaciones`, `NombreReceptor`) VALUES (14, '2016-11-01', '1', 'Lllego bien', 'Eric Zubin');

INSERT INTO `logentregas` (`IdEntrega`, `Fecha`, `Status`, `Observaciones`, `NombreReceptor`) VALUES (15, '2016-11-01', '1', 'Lllego bien', 'Eric Zubin');

INSERT INTO `logentregas` (`IdEntrega`, `Fecha`, `Status`, `Observaciones`, `NombreReceptor`) VALUES (16, '2016-11-01', '1', 'Lllego bien', 'Eric Zubin');

INSERT INTO `logentregas` (`IdEntrega`, `Fecha`, `Status`, `Observaciones`, `NombreReceptor`) VALUES (17, '2016-11-01', '1', 'Lllego bien', 'Eric Zubin');

INSERT INTO `logentregas` (`IdEntrega`, `Fecha`, `Status`, `Observaciones`, `NombreReceptor`) VALUES (18, '2016-11-01', '1', 'Lllego bien', 'Eric Zubin');

INSERT INTO `logentregas` (`IdEntrega`, `Fecha`, `Status`, `Observaciones`, `NombreReceptor`) VALUES (19, '2016-11-01', '1', 'Lllego bien', 'Eric Zubin');

INSERT INTO `logentregas` (`IdEntrega`, `Fecha`, `Status`, `Observaciones`, `NombreReceptor`) VALUES (20, '2016-11-01', '1', 'Lllego bien', 'Eric Zubin');


--Insertar Envios

INSERT INTO `logenvios` (`IdEnvio`, `Fecha`, `Status`, `Observaciones`, `DomicilioEntrega`, `IdFormaEnvio`, `IdEntrega`, `IdVenta`) VALUES (1, '2016-11-08', 1, "Enviar empaquetado", NULL, 1, 1, 1);

INSERT INTO `logenvios` (`IdEnvio`, `Fecha`, `Status`, `Observaciones`, `DomicilioEntrega`, `IdFormaEnvio`, `IdEntrega`, `IdVenta`) VALUES (2, '2016-11-09', 1, "enviar Cajar", NULL, 2, 3, 1);

INSERT INTO `logenvios` (`IdEnvio`, `Fecha`, `Status`, `Observaciones`, `DomicilioEntrega`, `IdFormaEnvio`, `IdEntrega`, `IdVenta`) VALUES (3, '2016-11-10', 1, "Enviar empaquetado", NULL, 3, 5, 3);

INSERT INTO `logenvios` (`IdEnvio`, `Fecha`, `Status`, `Observaciones`, `DomicilioEntrega`, `IdFormaEnvio`, `IdEntrega`, `IdVenta`) VALUES (4, '2016-09-08', 1, "Enviar empaquetado", NULL, 4, 6, 4);

INSERT INTO `logenvios` (`IdEnvio`, `Fecha`, `Status`, `Observaciones`, `DomicilioEntrega`, `IdFormaEnvio`, `IdEntrega`, `IdVenta`) VALUES (5, '2016-05-08', 1, "Enviar Cajas Blancas", NULL, 5, 7, 5);

INSERT INTO `logenvios` (`IdEnvio`, `Fecha`, `Status`, `Observaciones`, `DomicilioEntrega`, `IdFormaEnvio`, `IdEntrega`, `IdVenta`) VALUES (6, '2016-03-08', 1, "Enviar en Cajas Negras", NULL, 1, 4, 6);

INSERT INTO `logenvios` (`IdEnvio`, `Fecha`, `Status`, `Observaciones`, `DomicilioEntrega`, `IdFormaEnvio`, `IdEntrega`, `IdVenta`) VALUES (7, '2016-12-08', 1, "Enviar en Cajas Negras", NULL, 1, 3, 2);

INSERT INTO `logenvios` (`IdEnvio`, `Fecha`, `Status`, `Observaciones`, `DomicilioEntrega`, `IdFormaEnvio`, `IdEntrega`, `IdVenta`) VALUES (8, '2016-03-04', 1, "Enviar empaquetado", NULL, 1, 5, 4);

INSERT INTO `logenvios` (`IdEnvio`, `Fecha`, `Status`, `Observaciones`, `DomicilioEntrega`, `IdFormaEnvio`, `IdEntrega`, `IdVenta`) VALUES (9, '2016-12-08', 0, "Enviar empaquetado", NULL, 2, 7, 6);

INSERT INTO `logenvios` (`IdEnvio`, `Fecha`, `Status`, `Observaciones`, `DomicilioEntrega`, `IdFormaEnvio`, `IdEntrega`, `IdVenta`) VALUES (10, '2016-10-08', 0, "Enviar en Cajas Negras", NULL, 1, 5, 7);

INSERT INTO `logenvios` (`IdEnvio`, `Fecha`, `Status`, `Observaciones`, `DomicilioEntrega`, `IdFormaEnvio`, `IdEntrega`, `IdVenta`) VALUES (11, '2016-11-03', 0, "Enviar Cajas Blancas", NULL, 1, 6, 9);

INSERT INTO `logenvios` (`IdEnvio`, `Fecha`, `Status`, `Observaciones`, `DomicilioEntrega`, `IdFormaEnvio`, `IdEntrega`, `IdVenta`) VALUES (12, '2016-11-04', 0, "Enviar en Cajas Negras", NULL, 1, 4, 11);

INSERT INTO `logenvios` (`IdEnvio`, `Fecha`, `Status`, `Observaciones`, `DomicilioEntrega`, `IdFormaEnvio`, `IdEntrega`, `IdVenta`) VALUES (13, '2016-10-11', 0, "Enviar Cajas Blancas", NULL, 1, 5, 2);

INSERT INTO `logenvios` (`IdEnvio`, `Fecha`, `Status`, `Observaciones`, `DomicilioEntrega`, `IdFormaEnvio`, `IdEntrega`, `IdVenta`) VALUES (14, '2016-11-10', 0, "Enviar empaquetado", NULL, 1, 6, 3);

INSERT INTO `logenvios` (`IdEnvio`, `Fecha`, `Status`, `Observaciones`, `DomicilioEntrega`, `IdFormaEnvio`, `IdEntrega`, `IdVenta`) VALUES (15, '2016-09-09', 0, "Enviar empaquetado", NULL, 2, 7, 4);

INSERT INTO `logenvios` (`IdEnvio`, `Fecha`, `Status`, `Observaciones`, `DomicilioEntrega`, `IdFormaEnvio`, `IdEntrega`, `IdVenta`) VALUES (16, '2016-11-08', 0, "Enviar empaquetado", NULL, 3, 4, 5);

INSERT INTO `logenvios` (`IdEnvio`, `Fecha`, `Status`, `Observaciones`, `DomicilioEntrega`, `IdFormaEnvio`, `IdEntrega`, `IdVenta`) VALUES (17, '2016-11-08', 0, "Enviar en Cajas Negras", NULL, 2, 5, 6);

INSERT INTO `logenvios` (`IdEnvio`, `Fecha`, `Status`, `Observaciones`, `DomicilioEntrega`, `IdFormaEnvio`, `IdEntrega`, `IdVenta`) VALUES (18, '2016-11-08', 0, "Enviar Cajas Blancas", NULL, 1, 6, 7);

INSERT INTO `logenvios` (`IdEnvio`, `Fecha`, `Status`, `Observaciones`, `DomicilioEntrega`, `IdFormaEnvio`, `IdEntrega`, `IdVenta`) VALUES (19, '2016-11-08', 1, "Enviar empaquetado", NULL, 1, 7, 8);

INSERT INTO `logenvios` (`IdEnvio`, `Fecha`, `Status`, `Observaciones`, `DomicilioEntrega`, `IdFormaEnvio`, `IdEntrega`, `IdVenta`) VALUES (20, '2016-11-08', 1, "Enviar Cajas Blancas", NULL, 1, 3, 9);