INSERT INTO `invsuministros` (`IdSuministro`, `Nombre`, `Caracteristicas`, `Estado`, `TipoSuministro`, `IdSucursal`) VALUES (1, 'Tablas', 'Tamaño Grade', '1', 'Contrucción', '1');

INSERT INTO `invsuministros` (`IdSuministro`, `Nombre`, `Caracteristicas`, `Estado`, `TipoSuministro`, `IdSucursal`) VALUES (2, 'Mesa', 'Tamaño Grade', '1', 'Contrucción', '1');

INSERT INTO `invsuministros` (`IdSuministro`, `Nombre`, `Caracteristicas`, `Estado`, `TipoSuministro`, `IdSucursal`) VALUES (3, 'Gasolina', 'Tamaño Mediano', '1', 'Contrucción', '1');

INSERT INTO `invsuministros` (`IdSuministro`, `Nombre`, `Caracteristicas`, `Estado`, `TipoSuministro`, `IdSucursal`) VALUES (4, 'Llantas', 'Para Camión', '1', 'Transporte', '1');

INSERT INTO `invsuministros` (`IdSuministro`, `Nombre`, `Caracteristicas`, `Estado`, `TipoSuministro`, `IdSucursal`) VALUES (5, 'Tornillos', 'Tamaño Grade', '1', 'Contrucción', '1');

INSERT INTO `invsuministros` (`IdSuministro`, `Nombre`, `Caracteristicas`, `Estado`, `TipoSuministro`, `IdSucursal`) VALUES (6, 'Monitores', 'De 15 pungadas', '1', 'Computación', '1');

INSERT INTO `invsuministros` (`IdSuministro`, `Nombre`, `Caracteristicas`, `Estado`, `TipoSuministro`, `IdSucursal`) VALUES (7, 'Sal', 'De Sal de grano', '1', 'Alimentos', '1');

INSERT INTO `invsuministros` (`IdSuministro`, `Nombre`, `Caracteristicas`, `Estado`, `TipoSuministro`, `IdSucursal`) VALUES (8, 'Cafe', 'De colombia', '1', 'Alimentos', '1');

INSERT INTO `invsuministros` (`IdSuministro`, `Nombre`, `Caracteristicas`, `Estado`, `TipoSuministro`, `IdSucursal`) VALUES (9, 'Chocolota', 'Sabor amargo', '1', 'Alimentos', '1');

INSERT INTO `invsuministros` (`IdSuministro`, `Nombre`, `Caracteristicas`, `Estado`, `TipoSuministro`, `IdSucursal`) VALUES (10, 'Trapeadores', 'Antibacterial', '1', 'Limpieza', '1');

INSERT INTO `invsuministros` (`IdSuministro`, `Nombre`, `Caracteristicas`, `Estado`, `TipoSuministro`, `IdSucursal`) VALUES (11, 'Tablas', 'Tamaño Grade', '0', 'Contrucción', '1');

INSERT INTO `invsuministros` (`IdSuministro`, `Nombre`, `Caracteristicas`, `Estado`, `TipoSuministro`, `IdSucursal`) VALUES (12, 'Siilas', 'Tamaño Grade', '1', 'Contrucción', '1');

INSERT INTO `invsuministros` (`IdSuministro`, `Nombre`, `Caracteristicas`, `Estado`, `TipoSuministro`, `IdSucursal`) VALUES (13, 'Zapatos', 'Talla 17', '1', 'Limpieza', '1');

INSERT INTO `invsuministros` (`IdSuministro`, `Nombre`, `Caracteristicas`, `Estado`, `TipoSuministro`, `IdSucursal`) VALUES (14, 'Cables', 'Tamaño Grade', '1', 'Contrucción', '1');

INSERT INTO `invsuministros` (`IdSuministro`, `Nombre`, `Caracteristicas`, `Estado`, `TipoSuministro`, `IdSucursal`) VALUES (15, 'Papel', 'Tamaño Grade', '0', 'Oficina', '1');

INSERT INTO `invsuministros` (`IdSuministro`, `Nombre`, `Caracteristicas`, `Estado`, `TipoSuministro`, `IdSucursal`) VALUES (16, 'Cartulina', 'Tamaño Grade', '1', 'Oficina', '1');

INSERT INTO `invsuministros` (`IdSuministro`, `Nombre`, `Caracteristicas`, `Estado`, `TipoSuministro`, `IdSucursal`) VALUES (17, 'Teclados', 'Color Blanco', '1', 'Contrucción', '1');

INSERT INTO `invsuministros` (`IdSuministro`, `Nombre`, `Caracteristicas`, `Estado`, `TipoSuministro`, `IdSucursal`) VALUES (18, 'Ratones', 'Blanco', '0', 'Oficina', '1');

INSERT INTO `invsuministros` (`IdSuministro`, `Nombre`, `Caracteristicas`, `Estado`, `TipoSuministro`, `IdSucursal`) VALUES (19, 'Carton', 'Tamaño Grade', '1', 'Oficina', '1');

INSERT INTO `invsuministros` (`IdSuministro`, `Nombre`, `Caracteristicas`, `Estado`, `TipoSuministro`, `IdSucursal`) VALUES (20, 'Extensiones', 'Tamaño Grade', '0', 'Contrucción', '1');




INSERT INTO `logentregas` (`IdEntrega`, `Fecha`, `Status`, `Observaciones`, `NombreReceptor`) VALUES (1, '2016-11-01', '1', 'Lllego bien', 'Eric Zubin');

INSERT INTO `logentregas` (`IdEntrega`, `Fecha`, `Status`, `Observaciones`, `NombreReceptor`) VALUES (2, '2016-11-01', '1', 'Lllego bien', 'Eric Zubin');

INSERT INTO `logentregas` (`IdEntrega`, `Fecha`, `Status`, `Observaciones`, `NombreReceptor`) VALUES (3, '2016-11-01', '1', 'Lllego bien', 'Eric Zubin');

INSERT INTO `logentregas` (`IdEntrega`, `Fecha`, `Status`, `Observaciones`, `NombreReceptor`) VALUES (4, '2016-11-01', '1', 'Lllego bien', 'Eric Zubin');

INSERT INTO `logentregas` (`IdEntrega`, `Fecha`, `Status`, `Observaciones`, `NombreReceptor`) VALUES (5, '2016-11-01', '1', 'Lllego bien', 'Eric Zubin');

INSERT INTO `logentregas` (`IdEntrega`, `Fecha`, `Status`, `Observaciones`, `NombreReceptor`) VALUES (6, '2016-11-01', '1', 'Lllego bien', 'Eric Zubin');

INSERT INTO `logentregas` (`IdEntrega`, `Fecha`, `Status`, `Observaciones`, `NombreReceptor`) VALUES (7, '2016-11-01', '1', 'Lllego bien', 'Eric Zubin');

INSERT INTO `logentregas` (`IdEntrega`, `Fecha`, `Status`, `Observaciones`, `NombreReceptor`) VALUES (8, '2016-11-01', '1', 'Lllego bien', 'Eric Zubin');

INSERT INTO `logentregas` (`IdEntrega`, `Fecha`, `Status`, `Observaciones`, `NombreReceptor`) VALUES (9, '2016-11-01', '1', 'Lllego bien', 'Eric Zubin');

INSERT INTO `logentregas` (`IdEntrega`, `Fecha`, `Status`, `Observaciones`, `NombreReceptor`) VALUES (10, '2016-11-01', '1', 'Lllego bien', 'Eric Zubin');

INSERT INTO `logentregas` (`IdEntrega`, `Fecha`, `Status`, `Observaciones`, `NombreReceptor`) VALUES (11, '2016-11-01', '1', 'Lllego bien', 'Eric Zubin');

INSERT INTO `logentregas` (`IdEntrega`, `Fecha`, `Status`, `Observaciones`, `NombreReceptor`) VALUES (12, '2016-11-01', '1', 'Lllego bien', 'Eric Zubin');

INSERT INTO `logentregas` (`IdEntrega`, `Fecha`, `Status`, `Observaciones`, `NombreReceptor`) VALUES (13, '2016-11-01', '1', 'Lllego bien', 'Eric Zubin');

INSERT INTO `logentregas` (`IdEntrega`, `Fecha`, `Status`, `Observaciones`, `NombreReceptor`) VALUES (14, '2016-11-01', '1', 'Lllego bien', 'Eric Zubin');

INSERT INTO `logentregas` (`IdEntrega`, `Fecha`, `Status`, `Observaciones`, `NombreReceptor`) VALUES (15, '2016-11-01', '1', 'Lllego bien', 'Eric Zubin');

INSERT INTO `logentregas` (`IdEntrega`, `Fecha`, `Status`, `Observaciones`, `NombreReceptor`) VALUES (16, '2016-11-01', '1', 'Lllego bien', 'Eric Zubin');

INSERT INTO `logentregas` (`IdEntrega`, `Fecha`, `Status`, `Observaciones`, `NombreReceptor`) VALUES (17, '2016-11-01', '1', 'Lllego bien', 'Eric Zubin');

INSERT INTO `logentregas` (`IdEntrega`, `Fecha`, `Status`, `Observaciones`, `NombreReceptor`) VALUES (18, '2016-11-01', '1', 'Lllego bien', 'Eric Zubin');

INSERT INTO `logentregas` (`IdEntrega`, `Fecha`, `Status`, `Observaciones`, `NombreReceptor`) VALUES (19, '2016-11-01', '1', 'Lllego bien', 'Eric Zubin');

INSERT INTO `logentregas` (`IdEntrega`, `Fecha`, `Status`, `Observaciones`, `NombreReceptor`) VALUES (20, '2016-11-01', '1', 'Lllego bien', 'Eric Zubin');



INSERT INTO `logenvios` (`IdEnvio`, `Fecha`, `Status`, `Observaciones`, `DomicilioEntrega`, `IdFormaEnvio`, `IdEntrega`, `IdVenta`) VALUES (1, '2016-11-08', 1, "Enviar empaquetado", NULL, 1, 1, 1);

INSERT INTO `logenvios` (`IdEnvio`, `Fecha`, `Status`, `Observaciones`, `DomicilioEntrega`, `IdFormaEnvio`, `IdEntrega`, `IdVenta`) VALUES (2, '2016-11-09', 1, "enviar Cajar", NULL, 2, 3, 1);

INSERT INTO `logenvios` (`IdEnvio`, `Fecha`, `Status`, `Observaciones`, `DomicilioEntrega`, `IdFormaEnvio`, `IdEntrega`, `IdVenta`) VALUES (3, '2016-11-10', 1, "Enviar empaquetado", NULL, 3, 5, 3);

INSERT INTO `logenvios` (`IdEnvio`, `Fecha`, `Status`, `Observaciones`, `DomicilioEntrega`, `IdFormaEnvio`, `IdEntrega`, `IdVenta`) VALUES (4, '2016-09-08', 1, "Enviar empaquetado", NULL, 4, 6, 4);

INSERT INTO `logenvios` (`IdEnvio`, `Fecha`, `Status`, `Observaciones`, `DomicilioEntrega`, `IdFormaEnvio`, `IdEntrega`, `IdVenta`) VALUES (5, '2016-05-08', 1, "Enviar Cajas Blancas", NULL, 5, 7, 5);

INSERT INTO `logenvios` (`IdEnvio`, `Fecha`, `Status`, `Observaciones`, `DomicilioEntrega`, `IdFormaEnvio`, `IdEntrega`, `IdVenta`) VALUES (6, '2016-03-08', 1, "Enviar en Cajas Negras", NULL, 1, 4, 6);

INSERT INTO `logenvios` (`IdEnvio`, `Fecha`, `Status`, `Observaciones`, `DomicilioEntrega`, `IdFormaEnvio`, `IdEntrega`, `IdVenta`) VALUES (7, '2016-12-08', 1, "Enviar en Cajas Negras", NULL, 1, 3, 2);

INSERT INTO `logenvios` (`IdEnvio`, `Fecha`, `Status`, `Observaciones`, `DomicilioEntrega`, `IdFormaEnvio`, `IdEntrega`, `IdVenta`) VALUES (8, '2016-03-04', 1, "Enviar empaquetado", NULL, 1, 5, 4);

INSERT INTO `logenvios` (`IdEnvio`, `Fecha`, `Status`, `Observaciones`, `DomicilioEntrega`, `IdFormaEnvio`, `IdEntrega`, `IdVenta`) VALUES (9, '2016-12-08', 0, "Enviar empaquetado", NULL, 2, 7, 6);

INSERT INTO `logenvios` (`IdEnvio`, `Fecha`, `Status`, `Observaciones`, `DomicilioEntrega`, `IdFormaEnvio`, `IdEntrega`, `IdVenta`) VALUES (10, '2016-10-08', 0, "Enviar en Cajas Negras", NULL, 1, 5, 7);

INSERT INTO `logenvios` (`IdEnvio`, `Fecha`, `Status`, `Observaciones`, `DomicilioEntrega`, `IdFormaEnvio`, `IdEntrega`, `IdVenta`) VALUES (11, '2016-11-03', 0, "Enviar Cajas Blancas", NULL, 1, 6, 9);

INSERT INTO `logenvios` (`IdEnvio`, `Fecha`, `Status`, `Observaciones`, `DomicilioEntrega`, `IdFormaEnvio`, `IdEntrega`, `IdVenta`) VALUES (12, '2016-11-04', 0, "Enviar en Cajas Negras", NULL, 1, 4, 11);

INSERT INTO `logenvios` (`IdEnvio`, `Fecha`, `Status`, `Observaciones`, `DomicilioEntrega`, `IdFormaEnvio`, `IdEntrega`, `IdVenta`) VALUES (13, '2016-10-11', 0, "Enviar Cajas Blancas", NULL, 1, 5, 2);

INSERT INTO `logenvios` (`IdEnvio`, `Fecha`, `Status`, `Observaciones`, `DomicilioEntrega`, `IdFormaEnvio`, `IdEntrega`, `IdVenta`) VALUES (14, '2016-11-10', 0, "Enviar empaquetado", NULL, 1, 6, 3);

INSERT INTO `logenvios` (`IdEnvio`, `Fecha`, `Status`, `Observaciones`, `DomicilioEntrega`, `IdFormaEnvio`, `IdEntrega`, `IdVenta`) VALUES (15, '2016-09-09', 0, "Enviar empaquetado", NULL, 2, 7, 4);

INSERT INTO `logenvios` (`IdEnvio`, `Fecha`, `Status`, `Observaciones`, `DomicilioEntrega`, `IdFormaEnvio`, `IdEntrega`, `IdVenta`) VALUES (16, '2016-11-08', 0, "Enviar empaquetado", NULL, 3, 4, 5);

INSERT INTO `logenvios` (`IdEnvio`, `Fecha`, `Status`, `Observaciones`, `DomicilioEntrega`, `IdFormaEnvio`, `IdEntrega`, `IdVenta`) VALUES (17, '2016-11-08', 0, "Enviar en Cajas Negras", NULL, 2, 5, 6);

INSERT INTO `logenvios` (`IdEnvio`, `Fecha`, `Status`, `Observaciones`, `DomicilioEntrega`, `IdFormaEnvio`, `IdEntrega`, `IdVenta`) VALUES (18, '2016-11-08', 0, "Enviar Cajas Blancas", NULL, 1, 6, 7);

INSERT INTO `logenvios` (`IdEnvio`, `Fecha`, `Status`, `Observaciones`, `DomicilioEntrega`, `IdFormaEnvio`, `IdEntrega`, `IdVenta`) VALUES (19, '2016-11-08', 1, "Enviar empaquetado", NULL, 1, 7, 8);

INSERT INTO `logenvios` (`IdEnvio`, `Fecha`, `Status`, `Observaciones`, `DomicilioEntrega`, `IdFormaEnvio`, `IdEntrega`, `IdVenta`) VALUES (20, '2016-11-08', 1, "Enviar Cajas Blancas", NULL, 1, 3, 9);



 

INSERT INTO `logformasdeenvio` (`IdFormaEnvio`, `Nombre`, `Status`, `Observacion`) VALUES (1, 'Estafeta', '1', 'Muy Rapido');

INSERT INTO `logformasdeenvio` (`IdFormaEnvio`, `Nombre`, `Status`, `Observacion`) VALUES (2, 'Estafeta 1', '0', 'Muy Rapido');

INSERT INTO `logformasdeenvio` (`IdFormaEnvio`, `Nombre`, `Status`, `Observacion`) VALUES (3, 'Mones', '1', 'Muy Rapido');

INSERT INTO `logformasdeenvio` (`IdFormaEnvio`, `Nombre`, `Status`, `Observacion`) VALUES (4, 'sdsfaf', '1', 'Muy Rapido');

INSERT INTO `logformasdeenvio` (`IdFormaEnvio`, `Nombre`, `Status`, `Observacion`) VALUES (5, '10 segundos', '1', 'Muy Rapido');

INSERT INTO `logformasdeenvio` (`IdFormaEnvio`, `Nombre`, `Status`, `Observacion`) VALUES (6, 'DELll', '1', 'Muy Lento');

INSERT INTO `logformasdeenvio` (`IdFormaEnvio`, `Nombre`, `Status`, `Observacion`) VALUES (7, 'Amarrilla', '1', 'Muy Lento');

INSERT INTO `logformasdeenvio` (`IdFormaEnvio`, `Nombre`, `Status`, `Observacion`) VALUES (8, 'Venta Amarilllas', '1', 'Muy Lento');

INSERT INTO `logformasdeenvio` (`IdFormaEnvio`, `Nombre`, `Status`, `Observacion`) VALUES (9, 'Envio Rapidin', '0', 'Muy Lento');

INSERT INTO `logformasdeenvio` (`IdFormaEnvio`, `Nombre`, `Status`, `Observacion`) VALUES (10, 'Naksd', '0', 'Muy Caro');

INSERT INTO `logformasdeenvio` (`IdFormaEnvio`, `Nombre`, `Status`, `Observacion`) VALUES (11, 'sdff', '0', 'Muy Caro');

INSERT INTO `logformasdeenvio` (`IdFormaEnvio`, `Nombre`, `Status`, `Observacion`) VALUES (12, 'Del MAx', '0', 'Muy Caro');

INSERT INTO `logformasdeenvio` (`IdFormaEnvio`, `Nombre`, `Status`, `Observacion`) VALUES (13, 'sf', '1', 'Muy Rapido');

INSERT INTO `logformasdeenvio` (`IdFormaEnvio`, `Nombre`, `Status`, `Observacion`) VALUES (14, 'MASFW', '1', 'Muy Rapido');

INSERT INTO `logformasdeenvio` (`IdFormaEnvio`, `Nombre`, `Status`, `Observacion`) VALUES (15, 'tohisba', '1', 'Muy Lento');

INSERT INTO `logformasdeenvio` (`IdFormaEnvio`, `Nombre`, `Status`, `Observacion`) VALUES (16, 'tall', '0', 'Muy Lento');

INSERT INTO `logformasdeenvio` (`IdFormaEnvio`, `Nombre`, `Status`, `Observacion`) VALUES (17, 'ohh', '0', 'Muy Caro');

INSERT INTO `logformasdeenvio` (`IdFormaEnvio`, `Nombre`, `Status`, `Observacion`) VALUES (18, 'eddd', '0', 'Muy Caro');

INSERT INTO `logformasdeenvio` (`IdFormaEnvio`, `Nombre`, `Status`, `Observacion`) VALUES (19, 'eddy', '0', 'Muy Rapido');

INSERT INTO `logformasdeenvio` (`IdFormaEnvio`, `Nombre`, `Status`, `Observacion`) VALUES (20, 'Eseedftafeta', '1', 'Muy Rapido');


INSERT INTO `rhdepartamentos` (`IdDepartamentos`, `Nombre`, `Localizacion`, `Status`) VALUES (1, '', 'Edificio 1', '1');

INSERT INTO `rhdepartamentos` (`IdDepartamentos`, `Nombre`, `Localizacion`, `Status`) VALUES (2, '', 'Edificio 2', '1');

INSERT INTO `rhdepartamentos` (`IdDepartamentos`, `Nombre`, `Localizacion`, `Status`) VALUES (3, '', 'Edificio 3', '1');

INSERT INTO `rhdepartamentos` (`IdDepartamentos`, `Nombre`, `Localizacion`, `Status`) VALUES (4, '', 'Edificio 11', '1');

INSERT INTO `rhdepartamentos` (`IdDepartamentos`, `Nombre`, `Localizacion`, `Status`) VALUES (5, '', 'Edificio 2', '1');

INSERT INTO `rhdepartamentos` (`IdDepartamentos`, `Nombre`, `Localizacion`, `Status`) VALUES (6, '', 'Oficina 1', '0');

INSERT INTO `rhdepartamentos` (`IdDepartamentos`, `Nombre`, `Localizacion`, `Status`) VALUES (7, '', 'Oficina 2', '0');

INSERT INTO `rhdepartamentos` (`IdDepartamentos`, `Nombre`, `Localizacion`, `Status`) VALUES (8, '', 'Oficina 3', '0');

INSERT INTO `rhdepartamentos` (`IdDepartamentos`, `Nombre`, `Localizacion`, `Status`) VALUES (9, '', 'Oficina 1', '0');

INSERT INTO `rhdepartamentos` (`IdDepartamentos`, `Nombre`, `Localizacion`, `Status`) VALUES (10, '', 'Oficina 1', '1');

INSERT INTO `rhdepartamentos` (`IdDepartamentos`, `Nombre`, `Localizacion`, `Status`) VALUES (11, '', 'Oficina 1', '1');

INSERT INTO `rhdepartamentos` (`IdDepartamentos`, `Nombre`, `Localizacion`, `Status`) VALUES (12, '', 'Oficina 10', '1');

INSERT INTO `rhdepartamentos` (`IdDepartamentos`, `Nombre`, `Localizacion`, `Status`) VALUES (13, '', 'Oficina 1 Edificio 1', '1');

INSERT INTO `rhdepartamentos` (`IdDepartamentos`, `Nombre`, `Localizacion`, `Status`) VALUES (14, '', 'Oficina 1 Edificio 1', '1');

INSERT INTO `rhdepartamentos` (`IdDepartamentos`, `Nombre`, `Localizacion`, `Status`) VALUES (15, '', 'Oficina 15 Edificio 5', '1');

INSERT INTO `rhdepartamentos` (`IdDepartamentos`, `Nombre`, `Localizacion`, `Status`) VALUES (16, '', 'Oficina 4 Edificio 1', '1');

INSERT INTO `rhdepartamentos` (`IdDepartamentos`, `Nombre`, `Localizacion`, `Status`) VALUES (17, '', 'Oficina 1 Edificio 8', '0');

INSERT INTO `rhdepartamentos` (`IdDepartamentos`, `Nombre`, `Localizacion`, `Status`) VALUES (18, '', 'Oficina 7 Edificio 5', '0');

INSERT INTO `rhdepartamentos` (`IdDepartamentos`, `Nombre`, `Localizacion`, `Status`) VALUES (19, '', 'Oficina 1 Edificio 4', '1');

INSERT INTO `rhdepartamentos` (`IdDepartamentos`, `Nombre`, `Localizacion`, `Status`) VALUES (20, '', 'Oficina 1 Edificio 3', '1');



INSERT INTO rhempleados (IdEmpleado,Nombre,Telefono,Direccion,FechaNacimiento,FechaContratacion,RFC,IMSS,Correo,Sexo,EstadoCivil,CURP,IdDepartamento,IdPuesto,IdNomina,IdCuenta,IdDepartamentos,IdTurno,IdCompra,IdVenta) VALUES (1,"Nola Hale","442137174","P.O. Box 766, 794 Eu Rd.","2016-07-29","2017-07-09","561624305","750144727","gravida.sit.amet@adlitora.com",0,0,"1627021974299",1,10,8,6,13,13,9,7),(2,"Aline Chavez","442137174","Ap #955-247 Eu Street","2017-02-11","2017-07-10","322090515","366243616","mauris@mollis.ca",1,1,"1657071022799",18,13,12,18,12,7,8,2),(3,"Simone Livingston","442137174","Ap #867-4097 Arcu. Av.","2017-07-18","2016-12-13","806433579","150939270","sed.turpis.nec@purusaccumsaninterdum.co.uk",1,0,"1656050233799",1,16,8,5,16,15,12,3),(4,"Autumn Ray","442137174","1428 Donec Avenue","2017-11-11","2016-09-27","155532575","627017072","neque@purus.net",1,0,"1653012709199",9,18,9,10,10,2,17,10),(5,"Geraldine Vaughn","442137174","6330 Lectus St.","2016-01-13","2017-08-17","471259440","899631477","nulla@vulputate.com",0,0,"1627042310699",6,7,15,12,13,14,16,20),(6,"Freya Bowman","442137174","9836 Donec Street","2017-07-01","2015-11-25","716608765","299635409","et.euismod.et@liberolacus.com",0,0,"1668090410599",5,18,16,8,12,15,15,5),(7,"Lillian Moody","442137174","Ap #984-1996 Lorem Ave","2017-03-22","2017-02-24","812436616","007506488","purus@tellus.ca",0,0,"1695111055099",10,14,11,12,13,4,2,8),(8,"Marcia Benson","442137174","Ap #402-6686 Nunc St.","2016-02-12","2016-06-17","796734606","764592580","lacus@nonnisiAenean.ca",1,0,"1697071737499",5,11,12,19,19,10,19,20),(9,"Carly Woodward","442137174","Ap #557-3114 Et, St.","2016-11-16","2016-09-06","385471628","103248894","gravida.Aliquam.tincidunt@pede.com",1,1,"1616081256199",13,6,5,19,6,11,18,2),(10,"Amelia Peck","442137174","Ap #409-3164 Ipsum. St.","2015-11-25","2017-04-28","664166105","018924399","tincidunt@disparturientmontes.org",1,1,"1651060542199",5,16,15,2,18,4,2,4);
INSERT INTO rhempleados (IdEmpleado,Nombre,Telefono,Direccion,FechaNacimiento,FechaContratacion,RFC,IMSS,Correo,Sexo,EstadoCivil,CURP,IdDepartamento,IdPuesto,IdNomina,IdCuenta,IdDepartamentos,IdTurno,IdCompra,IdVenta) VALUES (11,"Eugenia Lott","442137174","Ap #842-124 Mollis Rd.","2016-12-12","2016-01-02","175625672","249252552","et.nunc.Quisque@nulla.com",0,1,"1683041895599",8,11,9,7,12,10,5,13),(12,"Lois Knight","442137174","Ap #948-3100 Dignissim. Rd.","2017-05-10","2017-05-07","564184794","908702806","magna@Nunccommodo.ca",1,0,"1665101095199",12,7,15,16,10,17,19,9),(13,"Ramona Benton","442137174","Ap #875-276 In Avenue","2016-01-12","2017-05-21","994963692","588025734","vitae.velit@tinciduntaliquamarcu.net",1,1,"1695040652399",11,8,3,20,4,4,10,18),(14,"Charissa Armstrong","442137174","Ap #504-8825 Luctus St.","2016-09-01","2017-07-01","732795596","530083963","eu.tellus@orcisemeget.com",1,1,"1688051916099",3,20,1,10,3,15,17,7),(15,"Amethyst Kerr","442137174","4180 Vehicula St.","2017-10-27","2016-12-09","230044679","195243944","iaculis@ut.net",1,0,"1694041588399",11,3,2,9,17,7,16,10),(16,"Iola Long","442137174","Ap #664-7833 Interdum Ave","2016-06-21","2016-10-27","890032832","584633192","nunc@quamelementumat.ca",0,1,"1673043064899",4,15,13,14,5,17,3,4),(17,"Kylynn Farmer","442137174","5525 Turpis Rd.","2016-09-14","2017-10-21","396416794","912871472","velit.dui@Donecfelis.com",0,0,"1699080862299",9,6,7,3,16,15,5,17),(18,"India Oconnor","442137174","342-689 Leo. Street","2016-08-04","2016-07-26","744744186","390663177","est@Nullamvelitdui.edu",1,0,"1692052296499",12,7,15,6,20,1,16,3),(19,"Idola Newman","442137174","3043 Vivamus Road","2016-05-10","2016-03-21","544152713","718310006","sociis@tellus.co.uk",1,1,"1622031057299",11,19,3,6,17,15,1,1),(20,"Lavinia Burch","442137174","P.O. Box 842, 4496 Et St.","2016-10-14","2016-08-04","383552536","313000325","egestas.ligula@parturient.com",0,0,"1686111336099",5,17,9,10,15,1,12,2);


INSERT INTO `rhpuestos` (`IdPuesto`, `Nombre`, `Status`, `Descripcion`, `Nivel`, `PersonalRequerido`) VALUES (1, 'Direcctor Finanzas', '1', 'Ser muy activo', '10', '1');

INSERT INTO `rhpuestos` (`IdPuesto`, `Nombre`, `Status`, `Descripcion`, `Nivel`, `PersonalRequerido`) VALUES (2, 'Direcctor Ventas', '1', 'Ser muy activo', '10', '0');

INSERT INTO `rhpuestos` (`IdPuesto`, `Nombre`, `Status`, `Descripcion`, `Nivel`, `PersonalRequerido`) VALUES (3, 'Direcctor De IT', '1', 'Ser muy activo', '10', '1');

INSERT INTO `rhpuestos` (`IdPuesto`, `Nombre`, `Status`, `Descripcion`, `Nivel`, `PersonalRequerido`) VALUES (4, 'Direcctor de Operaciones', '1', 'Ser muy activo', '10', '1');

INSERT INTO `rhpuestos` (`IdPuesto`, `Nombre`, `Status`, `Descripcion`, `Nivel`, `PersonalRequerido`) VALUES (5, 'Supervisor', '1', 'Ser muy activo', '8', '1');

INSERT INTO `rhpuestos` (`IdPuesto`, `Nombre`, `Status`, `Descripcion`, `Nivel`, `PersonalRequerido`) VALUES (6, 'Supervisor de Ventas', '0', 'Ser muy activo', '10', '1');

INSERT INTO `rhpuestos` (`IdPuesto`, `Nombre`, `Status`, `Descripcion`, `Nivel`, `PersonalRequerido`) VALUES (7, 'Supervisor de Alimentos', '0', 'Ser muy activo', '10', '1');

INSERT INTO `rhpuestos` (`IdPuesto`, `Nombre`, `Status`, `Descripcion`, `Nivel`, `PersonalRequerido`) VALUES (8, 'Cocinero', '1', 'Ser muy activo', '5', '0');

INSERT INTO `rhpuestos` (`IdPuesto`, `Nombre`, `Status`, `Descripcion`, `Nivel`, `PersonalRequerido`) VALUES (9, 'Limpieza', '1', 'Ser muy activo', '10', '0');

INSERT INTO `rhpuestos` (`IdPuesto`, `Nombre`, `Status`, `Descripcion`, `Nivel`, `PersonalRequerido`) VALUES (10, 'Operador', '0', 'Ser muy activo', '10', '0');

INSERT INTO `rhpuestos` (`IdPuesto`, `Nombre`, `Status`, `Descripcion`, `Nivel`, `PersonalRequerido`) VALUES (11, 'Operador de maquinaria', '1', 'Ser muy activo', '10', '0');

INSERT INTO `rhpuestos` (`IdPuesto`, `Nombre`, `Status`, `Descripcion`, `Nivel`, `PersonalRequerido`) VALUES (12, 'Operador de camion', '0', 'Ser muy activo', '7', '1');

INSERT INTO `rhpuestos` (`IdPuesto`, `Nombre`, `Status`, `Descripcion`, `Nivel`, `PersonalRequerido`) VALUES (13, 'Vendoedor', '1', 'Ser muy activo', '10', '1');

INSERT INTO `rhpuestos` (`IdPuesto`, `Nombre`, `Status`, `Descripcion`, `Nivel`, `PersonalRequerido`) VALUES (14, 'Ejecutivo de Ventas', '0', 'Ser muy activo', '10', '1');

INSERT INTO `rhpuestos` (`IdPuesto`, `Nombre`, `Status`, `Descripcion`, `Nivel`, `PersonalRequerido`) VALUES (15, 'IIngeniero de Sistemas', '1', 'Ser muy activo', '11', '0');

INSERT INTO `rhpuestos` (`IdPuesto`, `Nombre`, `Status`, `Descripcion`, `Nivel`, `PersonalRequerido`) VALUES (16, 'Ingeniero de Telecomunicaciones', '1', 'Ser muy activo', '10', '0');

INSERT INTO `rhpuestos` (`IdPuesto`, `Nombre`, `Status`, `Descripcion`, `Nivel`, `PersonalRequerido`) VALUES (17, 'Ingeniero de Software', '1', 'Ser muy activo', '10', '0');

INSERT INTO `rhpuestos` (`IdPuesto`, `Nombre`, `Status`, `Descripcion`, `Nivel`, `PersonalRequerido`) VALUES (18, 'Ayudante general', '0', 'Ser muy activo', '5', '0');

INSERT INTO `rhpuestos` (`IdPuesto`, `Nombre`, `Status`, `Descripcion`, `Nivel`, `PersonalRequerido`) VALUES (19, 'Ayudante de cocina', '1', 'Ser muy activo', '10', '1');

INSERT INTO `rhpuestos` (`IdPuesto`, `Nombre`, `Status`, `Descripcion`, `Nivel`, `PersonalRequerido`) VALUES (20, 'Secretaria', '1', 'Ser muy activo', '6', '1');




INSERT INTO `comcompras` (`IdCompra`, `Fecha`, `Monto`, `NumeroArticulo`, `Status`, `IdProveedor`, `IdEgreso`, `IdMetodoPago`) VALUES (NULL, '2016-11-26', '1500', '20', '1', '1', '1', '1'), (NULL, '2016-11-05', '2000', '10', '1', '2', '2', '2'), (NULL, '2016-11-06', '3000', '30', '1', '3', '3', '3'), (NULL, '2016-10-26', '4000', '40', '1', '4', '4', '1'), (NULL, '2016-11-16', '5000', '50', '1', '5', '5', '1'), (NULL, '2016-11-11', '6000', '60', '1', '6', '6', '2'), (NULL, '2016-09-22', '10000', '500', '1', '7', '7', '3'), (NULL, '2016-01-24', '1000', '100', '1', '8', '8', '1'), (NULL, '2016-07-26', '500', '5', '1', '9', '9', '2'), (NULL, '2016-08-21', '40', '10', '1', '10', '10', '3'), (NULL, '2016-05-21', '2500', '10', '1', '11', '11', '1'), (NULL, '2016-02-26', '350', '10', '1', '12', '12', '1'), (NULL, '2016-10-02', '100', '2', '1', '13', '13', '2'), (NULL, '2016-06-23', '1000', '1000', '1', '14', '14', '2'), (NULL, '2016-10-20', '200', '10', '1', '15', '15', '2'), (NULL, '2016-10-22', '150', '15', '1', '16', '16', '3'), (NULL, '2016-09-22', '120', '12', '1', '17', '17', '1'), (NULL, '2016-10-19', '300', '15', '1', '18', '18', '3'), (NULL, '2016-10-09', '130', '10', '1', '19', '19', '1'), (NULL, '2016-08-11', '700', '35', '1', '20', '20', '1');


INSERT INTO `comdetallecompras` (`IdDetalleCompra`, `IdCompra`, `IdProducto`, `PrecioUnitario`, `Cantidad`, `Descuento`) VALUES (NULL, '1', '1', '75', '20', '0'), (NULL, '2', '2', '200', '10', '0'), (NULL, '3', '3', '100', '30', '0'), (NULL, '4', '4', '100', '40', '0'), (NULL, '5', '5', '100', '50', '.1'), (NULL, '6', '6', '100', '60', '0'), (NULL, '7', '7', '20', '500', '0'), (NULL, '8', '8', '10', '100', '0'), (NULL, '9', '9', '100', '5', '0'), (NULL, '10', '10', '4', '10', '0'), (NULL, '11', '11', '250', '10', '0'), (NULL, '12', '12', '35', '10', '0'), (NULL, '13', '13', '50', '2', '0'), (NULL, '14', '14', '1', '1000', '0'), (NULL, '15', '15', '20', '10', '0'), (NULL, '16', '16', '10', '15', '0'), (NULL, '17', '17', '10', '12', '0'), (NULL, '18', '18', '20', '15', '0'), (NULL, '19', '19', '13', '10', '0'), (NULL, '20', '20', '35', '20', '0');							


INSERT INTO `compedidos` (`IdPedido`, `Fecha`, `Status`, `IdProveedor`, `IdProducto`) VALUES (NULL, '2016-11-26', '1', '1', '1'), (NULL, '2016-11-18', '1', '2', '2'), (NULL, '2016-11-18', '1', '3', '3'), (NULL, '2016-11-18', '1', '4', '4'), (NULL, '2016-11-18', '1', '5', '5'), (NULL, '2016-11-18', '1', '6', '6'), (NULL, '2016-11-18', '1', '7', '7'), (NULL, '2016-11-18', '1', '8', '8'), (NULL, '2016-11-18', '1', '9', '9'), (NULL, '2016-11-18', '1', '10', '10'), (NULL, '2016-11-18', '1', '11', '11'), (NULL, '2016-11-18', '1', '12', '12'), (NULL, '2016-11-18', '1', '13', '13'), (NULL, '2016-11-18', '1', '14', '14'), (NULL, '2016-11-18', '1', '15', '15'), (NULL, '2016-11-18', '1', '16', '16'), (NULL, '2016-11-18', '1', '17', '17'), (NULL, '2016-11-18', '1', '18', '18'), (NULL, '2016-11-18', '1', '19', '19'), (NULL, '2016-11-18', '1', '20', '20');


INSERT INTO `fincuentasporcobrar` (`IdCuentaPorCobrar`, `Fecha`, `Monto`, `Status`, `Plazo`, `Tasa`, `IdVenta`) VALUES (NULL, '2016-11-01', '200', '1', '2016-11-30', '0.1', '1'), (NULL, '2016-11-02', '200', '1', '2016-11-29', '0.1', '2'), (NULL, '2016-11-02', '200', '1', '2016-11-29', '0.1', '3'), (NULL, '2016-11-02', '200', '1', '2016-11-29', '0.1', '4'), (NULL, '2016-11-02', '200', '1', '2016-11-29', '0.1', '5'), (NULL, '2016-11-02', '200', '1', '2016-11-29', '0.1', '6'), (NULL, '2016-11-02', '200', '1', '2016-11-29', '0.1', '7'), (NULL, '2016-11-02', '200', '1', '2016-11-29', '0.1', '8'), (NULL, '2016-11-02', '200', '1', '2016-11-29', '0.1', '9'), (NULL, '2016-11-02', '200', '1', '2016-11-29', '0.1', '10'), (NULL, '2016-11-02', '200', '1', '2016-11-29', '0.1', '11'), (NULL, '2016-11-02', '200', '1', '2016-11-29', '0.1', '12'), (NULL, '2016-11-02', '200', '1', '2016-11-29', '0.1', '13'), (NULL, '2016-11-02', '200', '1', '2016-11-29', '0.1', '14'), (NULL, '2016-11-02', '200', '1', '2016-11-29', '0.1', '15'), (NULL, '2016-11-02', '200', '1', '2016-11-29', '0.1', '16'), (NULL, '2016-11-02', '200', '1', '2016-11-29', '0.1', '17'), (NULL, '2016-11-02', '200', '1', '2016-11-29', '0.1', '18'), (NULL, '2016-11-02', '200', '1', '2016-11-29', '0.1', '19'), (NULL, '2016-11-02', '200', '1', '2016-11-29', '0.1', '20');



INSERT INTO `fincuentasporpagar` (`IdCuentaPorPagar`, `Fecha`, `Monto`, `Status`, `Plazo`, `Tasa`, `IdCompra`) VALUES (NULL, '2016-11-01', '100', '1', '2016-11-08', '0.05', '3'), (NULL, '2016-11-01', '100', '1', '2016-11-08', '0.05', '3'), (NULL, '2016-11-01', '100', '1', '2016-11-08', '0.05', '4'), (NULL, '2016-11-01', '1000', '1', '2016-11-08', '0.05', '2'), (NULL, '2016-11-01', '2000', '1', '2016-11-08', '0.05', '7'), (NULL, '2016-11-01', '500', '1', '2016-11-08', '0.05', '9'), (NULL, '2016-11-01', '100', '1', '2016-11-08', '0.05', '7'), (NULL, '2016-11-01', '100', '1', '2016-11-08', '0.05', '10'), (NULL, '2016-11-01', '100', '1', '2016-11-08', '0.05', '11'), (NULL, '2016-11-01', '100', '1', '2016-11-08', '0.05', '9'), (NULL, '2016-11-01', '100', '1', '2016-11-08', '0.05', '13'), (NULL, '2016-11-01', '100', '1', '2016-11-08', '0.05', '14'), (NULL, '2016-11-01', '100', '1', '2016-11-08', '0.05', '6'), (NULL, '2016-11-01', '100', '1', '2016-11-08', '0.05', '4'), (NULL, '2016-11-01', '100', '1', '2016-11-08', '0.05', '2'), (NULL, '2016-11-01', '100', '1', '2016-11-08', '0.05', '8'), (NULL, '2016-11-01', '100', '1', '2016-11-08', '0.05', '8'), (NULL, '2016-11-01', '100', '1', '2016-11-08', '0.05', '16'), (NULL, '2016-11-01', '100', '1', '2016-11-08', '0.05', '3'), (NULL, '2016-11-01', '100', '1', '2016-11-08', '0.05', '19');


INSERT INTO `comproveedores` (`IdProveedor`, `Nombre`, `DomicilioFiscal`, `DomicilioParticular`, `RFC`, `Telefono`, `Correo`, `Status`) VALUES (NULL, 'Refresquera Queretaro', 'La capilla No 20 Queretaro, Queretaro', 'La capilla No 20 Queretaro, Queretaro', 'QURE991012H3B', '442171194', 'refresQueretaro@gmail.com', '1'), (NULL, 'Constructora Martinez', 'Col Centro Calle Juarez No 9', 'Col Centro Calle Juarez No 9', 'COMA921012B1E', '442172294', 'consmar@gmail.com', '1'), (NULL, 'Huevo San Juan', 'Colinas del Cimatario Calle rogelio rosas No 97', 'Colinas del Cimatario Calle rogelio rosas No 97', 'HUSJ891111Z3B', '442543221', 'huevo_sjuan@hotmail.com', '1'), (NULL, 'Maderera El Rocio', 'Col Niños Heroes Calle Juan Escutia No 14', 'Col Niños Heroes Calle Juan Escutia No 14', 'MARO891512Y2E', '442123983', 'madereraelrocio@hotmail.com', '1'), (NULL, 'COMEX', 'Col Centro Calle Guillermp Prieto No 6', 'Col Centro Calle Guillermp Prieto No 6', 'COME781812P7E', '442198722', 'comex@comex.com', '1'), (NULL, 'El Bajio', 'Col Centro Calle 16 de Sep No 15', 'Col Centro Calle 16 de Sep No 15', 'ELBA781210Q7E', '442189227', 'elbajio@elbajio.com', '1'), (NULL, 'Herreria Romo', 'Col Centro Calle Corregidora No 10', 'Col Centro Calle Corregidora No 10', 'HERO871004AB3', '442110302', 'herreriaromo@her.com', '1'), (NULL, 'Arreola', 'Col Casa Blanca Calle Ajusco No 18', 'Col Casa Blanca Calle Ajusco No 18', 'ARRE980220EQ1', '442225358', 'arreola@arre.com', '1'), (NULL, 'Pevonia', 'Col Arboleda Calle Gustavo Madero No 4', 'Col Arboleda Calle Gustavo Madero No 4', 'PEVO810110Q1Q', '442156871', 'pevonia@pevonia.com', '1'), (NULL, 'Alpura', 'Col Galindas Calle Mexico No 17', 'Col Galindas Calle Mexico No 17', 'ALPU811231A1Z', '442161891', 'alpura@alpura.com', '1'), (NULL, 'Gloria Abarrotes', 'Col Escobedo Calle Zaragoza No 3', 'Col Escobedo Calle Zaragoza No 3', 'GLAB811231A1Z', '442131911', 'gloria@gloria.com', '1'), (NULL, 'Hoja de Plata', 'Col Cimatario Calle Septiem Garcia No 1', 'Col Cimatario Calle Septiem Garcia No 1', 'HOPL811231A1Z', '442137932', 'hojadeplata@hojadeplata.com', '1'), (NULL, 'Levis', 'Col Tejeda Calle Amsterdam No 104', 'Col Tejeda Calle Amsterdam No 104', 'LEVI811231A1Z', '442145781', 'levis@levis.com', '1'), (NULL, 'Mossimo', 'Col Candiles Calle Poniente No 1', 'Col Candiles Calle Poniente No 1', 'MOSS891221A3Q', '442172343', 'mossimo@mossimo.com', '1'), (NULL, 'Apasco', 'Col Candiles Calle Poniente No 16', 'Col Candiles Calle Poniente No 16', 'APAS891221A3Q', '442175443', 'apasco@apasco.com', '1'), (NULL, 'San Miguel Star', 'Col Peñuelas Calle Sur No 26', 'Col Peñuelas Calle Sur No 26', 'SAMS990727QW1', '442475464', 'sanmikestar@sanmikestar.com', '1'), (NULL, 'PEPSI', 'Col Rocio Calle Bonampak No 101', 'Col Rocio Calle Bonampak No 101', 'PEPS991122P20', '442415489', 'pepsi@pepsi.com', '1'), (NULL, 'CORONA', 'Col Obrera Calle 5 de febrero No 106', 'Col Obrera Calle 5 de febrero No 106', 'CORO971122AR0', '442415481', 'corona@corona.com', '1'), (NULL, 'VICTORIA', 'Col Obrera Calle 5 de febrero No 187', 'Col Obrera Calle 5 de febrero No 187', 'VICT971122TR5', '442415482', 'victoria@victoria.com', '1'), (NULL, 'BIMBO', 'Col Obrera Calle 5 de febrero No 195', 'Col Obrera Calle 5 de febrero No 195', 'BIMB971122TR5', '442415484', 'bimbo@bimbo.com', '1');


INSERT INTO `finegresos` (`IdEgreso`, `Fecha`, `Monto`, `Status`, `IdSuministro`) VALUES (NULL, '2016-11-08', '100', '1', '1'), (NULL, '2016-11-08', '200', '1', '2'), (NULL, '2016-11-08', '300', '1', '3'), (NULL, '2016-11-08', '400', '1', '4'), (NULL, '2016-11-08', '100', '1', '5'), (NULL, '2016-11-08', '100', '1', '6'), (NULL, '2016-11-08', '60', '1', '8'), (NULL, '2016-11-08', '100', '1', '7'), (NULL, '2016-11-08', '250', '1', '9'), (NULL, '2016-11-08', '150', '1', '10'), (NULL, '2016-11-08', '100', '1', '11'), (NULL, '2016-11-08', '100', '1', '12'), (NULL, '2016-11-08', '1100', '1', '13'), (NULL, '2016-11-08', '120', '1', '14'), (NULL, '2016-11-08', '170', '1', '15'), (NULL, '2016-11-08', '100', '1', '16'), (NULL, '2016-11-08', '200', '1', '17'), (NULL, '2016-11-08', '100', '1', '18'), (NULL, '2016-11-08', '100', '1', '19'), (NULL, '2016-11-08', '150', '1', '20');





INSERT INTO `sistemasintegrados2016`.`rhsucursales` (`IdSucursal`, `Nombre`, `Localizacion`, `Status`, `Telefono`, `DomicilioFiscal`) VALUES ('2', 'Queretaro', 'Queretaro', '1', '212331', 'Coregidora norte');
INSERT INTO `sistemasintegrados2016`.`rhsucursales` (`IdSucursal`, `Nombre`, `Localizacion`, `Status`, `Telefono`, `DomicilioFiscal`) VALUES ('3', 'Durango', 'Durango', '0', '2123451', 'Coregidora sur');
INSERT INTO `sistemasintegrados2016`.`rhsucursales` (`IdSucursal`, `Nombre`, `Localizacion`, `Status`, `Telefono`, `DomicilioFiscal`) VALUES ('4', 'Guerrero', 'Guerrero', '1', '254331', 'Coregidora norte');
INSERT INTO `sistemasintegrados2016`.`rhsucursales` (`IdSucursal`, `Nombre`, `Localizacion`, `Status`, `Telefono`, `DomicilioFiscal`) VALUES ('5', 'Zacatecas', 'Zacatecas', '0', '213431', 'Coregidora sur');
INSERT INTO `sistemasintegrados2016`.`rhsucursales` (`IdSucursal`, `Nombre`, `Localizacion`, `Status`, `Telefono`, `DomicilioFiscal`) VALUES ('6', 'Colima', 'Colima', '1', '212541', 'Coregidora norte');
INSERT INTO `sistemasintegrados2016`.`rhsucursales` (`IdSucursal`, `Nombre`, `Localizacion`, `Status`, `Telefono`, `DomicilioFiscal`) VALUES ('7', 'Arteaga', 'Queretaro', '1', '234331', 'Coregidora sur');
INSERT INTO `sistemasintegrados2016`.`rhsucursales` (`IdSucursal`, `Nombre`, `Localizacion`, `Status`, `Telefono`, `DomicilioFiscal`) VALUES ('8', 'Monterrey', 'Monterrye', '1', '260331', 'Coregidora norte');
INSERT INTO `sistemasintegrados2016`.`rhsucursales` (`IdSucursal`, `Nombre`, `Localizacion`, `Status`, `Telefono`, `DomicilioFiscal`) VALUES ('9', 'Hermosillo', 'Hermosillo', '1', '209831', 'Coregidora sur');
INSERT INTO `sistemasintegrados2016`.`rhsucursales` (`IdSucursal`, `Nombre`, `Localizacion`, `Status`, `Telefono`, `DomicilioFiscal`) VALUES ('10', 'Sinaloa', 'Sinaloa', '1', '287331', 'Coregidora norte');
INSERT INTO `sistemasintegrados2016`.`rhsucursales` (`IdSucursal`, `Nombre`, `Localizacion`, `Status`, `Telefono`, `DomicilioFiscal`) VALUES ('11', 'Michoacan', 'Michoacan', '1', '267331', 'Coregidora sur');
INSERT INTO `sistemasintegrados2016`.`rhsucursales` (`IdSucursal`, `Nombre`, `Localizacion`, `Status`, `Telefono`, `DomicilioFiscal`) VALUES ('12', 'Chiapas', 'Chiapas', '1', '212971', 'Coregidora norte');
INSERT INTO `sistemasintegrados2016`.`rhsucursales` (`IdSucursal`, `Nombre`, `Localizacion`, `Status`, `Telefono`, `DomicilioFiscal`) VALUES ('12', 'Campeche', 'Campeche', '1', '212891', 'Coregidora sur');
INSERT INTO `sistemasintegrados2016`.`rhsucursales` (`IdSucursal`, `Nombre`, `Localizacion`, `Status`, `Telefono`, `DomicilioFiscal`) VALUES ('14', 'Leon', 'Leon', '1', '298761', 'Coregidora norte');
INSERT INTO `sistemasintegrados2016`.`rhsucursales` (`IdSucursal`, `Nombre`, `Localizacion`, `Status`, `Telefono`, `DomicilioFiscal`) VALUES ('15', 'Guanajuato', 'Guanajuato', '1', '298761', 'Coregidora sur');
INSERT INTO `sistemasintegrados2016`.`rhsucursales` (`IdSucursal`, `Nombre`, `Localizacion`, `Status`, `Telefono`, `DomicilioFiscal`) VALUES ('16', 'Durango', 'Durango', '1', '219871', 'Coregidora norte');
INSERT INTO `sistemasintegrados2016`.`rhsucursales` (`IdSucursal`, `Nombre`, `Localizacion`, `Status`, `Telefono`, `DomicilioFiscal`) VALUES ('17', 'Aguascalientes', 'Aguascalientes', '1', '278331', 'Coregidora sur');
INSERT INTO `sistemasintegrados2016`.`rhsucursales` (`IdSucursal`, `Nombre`, `Localizacion`, `Status`, `Telefono`, `DomicilioFiscal`) VALUES ('18', 'Francia', 'Francia', '1', '287331', 'Coregidora norte');
INSERT INTO `sistemasintegrados2016`.`rhsucursales` (`IdSucursal`, `Nombre`, `Localizacion`, `Status`, `Telefono`, `DomicilioFiscal`) VALUES ('19', 'cuernavaca', 'Cuernavaca', '1', '278331', 'Coregidora sur');
INSERT INTO `sistemasintegrados2016`.`rhsucursales` (`IdSucursal`, `Nombre`, `Localizacion`, `Status`, `Telefono`, `DomicilioFiscal`) VALUES ('20', 'Queretaro', 'Queretaro', '1', '217831', 'Coregidora norte');

INSERT INTO `sistemasintegrados2016`.`rhturnos` (`IdTurno`, `Nombre`, `HoraEntrada`, `HoraSalida`, `DiasLaborales`, `TipoJornada`, `Status`) VALUES ('1', 'Juan Perez', '05:18:12', '05:11:08', 'LMV', 'completa', '1');
INSERT INTO `sistemasintegrados2016`.`rhturnos` (`IdTurno`, `Nombre`, `HoraEntrada`, `HoraSalida`, `DiasLaborales`, `TipoJornada`, `Status`) VALUES ('2', 'Alejandro Perez', '05:18:12', '05:11:08', 'LMV', 'mediotiempo', '1');
INSERT INTO `sistemasintegrados2016`.`rhturnos` (`IdTurno`, `Nombre`, `HoraEntrada`, `HoraSalida`, `DiasLaborales`, `TipoJornada`, `Status`) VALUES ('3', 'Juan Perez', '05:18:12', '05:11:08', 'LMD', 'completa', '1');
INSERT INTO `sistemasintegrados2016`.`rhturnos` (`IdTurno`, `Nombre`, `HoraEntrada`, `HoraSalida`, `DiasLaborales`, `TipoJornada`, `Status`) VALUES ('4', 'Pedro Salvador', '05:18:12', '05:11:08', 'LMV', 'completa', '1');
INSERT INTO `sistemasintegrados2016`.`rhturnos` (`IdTurno`, `Nombre`, `HoraEntrada`, `HoraSalida`, `DiasLaborales`, `TipoJornada`, `Status`) VALUES ('5', 'Juan Perez', '05:18:12', '05:11:08', 'LMV', 'mediotiempo', '1');
INSERT INTO `sistemasintegrados2016`.`rhturnos` (`IdTurno`, `Nombre`, `HoraEntrada`, `HoraSalida`, `DiasLaborales`, `TipoJornada`, `Status`) VALUES ('6', 'Pedro Salvador', '05:18:12', '05:11:08', 'LMV', 'completa', '1');
INSERT INTO `sistemasintegrados2016`.`rhturnos` (`IdTurno`, `Nombre`, `HoraEntrada`, `HoraSalida`, `DiasLaborales`, `TipoJornada`, `Status`) VALUES ('7', 'Juan Perez', '05:18:12', '05:11:08', 'LDS', 'completa', '1');
INSERT INTO `sistemasintegrados2016`.`rhturnos` (`IdTurno`, `Nombre`, `HoraEntrada`, `HoraSalida`, `DiasLaborales`, `TipoJornada`, `Status`) VALUES ('8', 'Juan Perez', '05:18:12', '05:11:08', 'LMV', 'completa', '1');
INSERT INTO `sistemasintegrados2016`.`rhturnos` (`IdTurno`, `Nombre`, `HoraEntrada`, `HoraSalida`, `DiasLaborales`, `TipoJornada`, `Status`) VALUES ('9', 'Pedro Salvador', '05:18:12', '05:11:08', 'LMV', 'completa', '1');
INSERT INTO `sistemasintegrados2016`.`rhturnos` (`IdTurno`, `Nombre`, `HoraEntrada`, `HoraSalida`, `DiasLaborales`, `TipoJornada`, `Status`) VALUES ('10', 'Juan Perez', '05:18:12', '05:11:08', 'LDS', 'completa', '1');
INSERT INTO `sistemasintegrados2016`.`rhturnos` (`IdTurno`, `Nombre`, `HoraEntrada`, `HoraSalida`, `DiasLaborales`, `TipoJornada`, `Status`) VALUES ('11', 'Pedro Salvador', '05:18:12', '05:11:08', 'LMV', 'completa', '1');
INSERT INTO `sistemasintegrados2016`.`rhturnos` (`IdTurno`, `Nombre`, `HoraEntrada`, `HoraSalida`, `DiasLaborales`, `TipoJornada`, `Status`) VALUES ('12', 'Juan Perez', '05:18:12', '05:11:08', 'LDS', 'completa', '1');
INSERT INTO `sistemasintegrados2016`.`rhturnos` (`IdTurno`, `Nombre`, `HoraEntrada`, `HoraSalida`, `DiasLaborales`, `TipoJornada`, `Status`) VALUES ('13', 'Juan Navarro', '05:18:12', '05:11:08', 'LMV', 'mediotiempo', '1');
INSERT INTO `sistemasintegrados2016`.`rhturnos` (`IdTurno`, `Nombre`, `HoraEntrada`, `HoraSalida`, `DiasLaborales`, `TipoJornada`, `Status`) VALUES ('14', 'Juan Perez', '05:18:12', '05:11:08', 'LDS', 'completa', '1');
INSERT INTO `sistemasintegrados2016`.`rhturnos` (`IdTurno`, `Nombre`, `HoraEntrada`, `HoraSalida`, `DiasLaborales`, `TipoJornada`, `Status`) VALUES ('15', 'Juan Navarro', '05:18:12', '05:11:08', 'LMV', 'completa', '1');
INSERT INTO `sistemasintegrados2016`.`rhturnos` (`IdTurno`, `Nombre`, `HoraEntrada`, `HoraSalida`, `DiasLaborales`, `TipoJornada`, `Status`) VALUES ('16', 'Juan Perez', '05:18:12', '05:11:08', 'LDS', 'mediotiempo', '1');
INSERT INTO `sistemasintegrados2016`.`rhturnos` (`IdTurno`, `Nombre`, `HoraEntrada`, `HoraSalida`, `DiasLaborales`, `TipoJornada`, `Status`) VALUES ('17', 'Juan Navarro', '05:18:12', '05:11:08', 'LMV', 'completa', '1');
INSERT INTO `sistemasintegrados2016`.`rhturnos` (`IdTurno`, `Nombre`, `HoraEntrada`, `HoraSalida`, `DiasLaborales`, `TipoJornada`, `Status`) VALUES ('18', 'Juan Perez', '05:18:12', '05:11:08', 'LDS', 'completa', '1');
INSERT INTO `sistemasintegrados2016`.`rhturnos` (`IdTurno`, `Nombre`, `HoraEntrada`, `HoraSalida`, `DiasLaborales`, `TipoJornada`, `Status`) VALUES ('19', 'Juan Navarro', '05:18:12', '05:11:08', 'LMV', 'completa', '1');
INSERT INTO `sistemasintegrados2016`.`rhturnos` (`IdTurno`, `Nombre`, `HoraEntrada`, `HoraSalida`, `DiasLaborales`, `TipoJornada`, `Status`) VALUES ('20', 'Juan Perez', '05:18:12', '05:11:08', 'LDS', 'completa', '1');


INSERT INTO `sistemasintegrados2016`.`syspermisos` (`IdPermiso`, `TipoPermiso`, `Status`, `FechaOtorgacion`, `FechaVencimiento`) VALUES ('44', 'Seguro', '1', '2016-11-02', '2016-11-10');
INSERT INTO `sistemasintegrados2016`.`syspermisos` (`IdPermiso`, `TipoPermiso`, `Status`, `FechaOtorgacion`, `FechaVencimiento`) VALUES ('45', 'vacaciones', '1', '2016-11-02', '2016-11-10');
INSERT INTO `sistemasintegrados2016`.`syspermisos` (`IdPermiso`, `TipoPermiso`, `Status`, `FechaOtorgacion`, `FechaVencimiento`) VALUES ('46', 'Seguro', '1', '2016-11-02', '2016-11-10');
INSERT INTO `sistemasintegrados2016`.`syspermisos` (`IdPermiso`, `TipoPermiso`, `Status`, `FechaOtorgacion`, `FechaVencimiento`) VALUES ('49', 'Seguro', '1', '2016-11-02', '2016-11-10');
INSERT INTO `sistemasintegrados2016`.`syspermisos` (`IdPermiso`, `TipoPermiso`, `Status`, `FechaOtorgacion`, `FechaVencimiento`) VALUES ('50', 'Seguro', '1', '2016-11-02', '2016-11-10');
INSERT INTO `sistemasintegrados2016`.`syspermisos` (`IdPermiso`, `TipoPermiso`, `Status`, `FechaOtorgacion`, `FechaVencimiento`) VALUES ('51', 'vacaciones', '1', '2016-11-02', '2016-11-10');
INSERT INTO `sistemasintegrados2016`.`syspermisos` (`IdPermiso`, `TipoPermiso`, `Status`, `FechaOtorgacion`, `FechaVencimiento`) VALUES ('52', 'Seguro', '1', '2016-11-02', '2016-11-10');
INSERT INTO `sistemasintegrados2016`.`syspermisos` (`IdPermiso`, `TipoPermiso`, `Status`, `FechaOtorgacion`, `FechaVencimiento`) VALUES ('53', 'Seguro', '1', '2016-11-02', '2016-11-10');
INSERT INTO `sistemasintegrados2016`.`syspermisos` (`IdPermiso`, `TipoPermiso`, `Status`, `FechaOtorgacion`, `FechaVencimiento`) VALUES ('54', 'vacaciones', '1', '2016-11-02', '2016-11-10');
INSERT INTO `sistemasintegrados2016`.`syspermisos` (`IdPermiso`, `TipoPermiso`, `Status`, `FechaOtorgacion`, `FechaVencimiento`) VALUES ('55', 'Seguro', '1', '2016-11-02', '2016-11-10');
INSERT INTO `sistemasintegrados2016`.`syspermisos` (`IdPermiso`, `TipoPermiso`, `Status`, `FechaOtorgacion`, `FechaVencimiento`) VALUES ('56', 'vacaciones', '1', '2016-11-02', '2016-11-10');
INSERT INTO `sistemasintegrados2016`.`syspermisos` (`IdPermiso`, `TipoPermiso`, `Status`, `FechaOtorgacion`, `FechaVencimiento`) VALUES ('57', 'Seguro', '1', '2016-11-02', '2016-11-10');
INSERT INTO `sistemasintegrados2016`.`syspermisos` (`IdPermiso`, `TipoPermiso`, `Status`, `FechaOtorgacion`, `FechaVencimiento`) VALUES ('58', 'Seguro', '1', '2016-11-02', '2016-11-10');
INSERT INTO `sistemasintegrados2016`.`syspermisos` (`IdPermiso`, `TipoPermiso`, `Status`, `FechaOtorgacion`, `FechaVencimiento`) VALUES ('59', 'vacaciones', '1', '2016-11-02', '2016-11-10');
INSERT INTO `sistemasintegrados2016`.`syspermisos` (`IdPermiso`, `TipoPermiso`, `Status`, `FechaOtorgacion`, `FechaVencimiento`) VALUES ('60', 'Seguro', '1', '2016-11-02', '2016-11-10');
INSERT INTO `sistemasintegrados2016`.`syspermisos` (`IdPermiso`, `TipoPermiso`, `Status`, `FechaOtorgacion`, `FechaVencimiento`) VALUES ('61', 'Seguro', '1', '2016-11-02', '2016-11-10');
INSERT INTO `sistemasintegrados2016`.`syspermisos` (`IdPermiso`, `TipoPermiso`, `Status`, `FechaOtorgacion`, `FechaVencimiento`) VALUES ('61', 'vacaciones', '1', '2016-11-02', '2016-11-10');
INSERT INTO `sistemasintegrados2016`.`syspermisos` (`IdPermiso`, `TipoPermiso`, `Status`, `FechaOtorgacion`, `FechaVencimiento`) VALUES ('62', 'Seguro', '1', '2016-11-02', '2016-11-10');
INSERT INTO `sistemasintegrados2016`.`syspermisos` (`IdPermiso`, `TipoPermiso`, `Status`, `FechaOtorgacion`, `FechaVencimiento`) VALUES ('63', 'vacaciones', '1', '2016-11-02', '2016-11-10');
INSERT INTO `sistemasintegrados2016`.`syspermisos` (`IdPermiso`, `TipoPermiso`, `Status`, `FechaOtorgacion`, `FechaVencimiento`) VALUES ('64', 'Seguro', '1', '2016-11-02', '2016-11-10');


INSERT INTO `sistemasintegrados2016`.`venclientes` (`IdCliente`, `Nombre`, `DomicilioFiscal`, `DomicilioParticular`, `RFC`, `Telefono`, `Correo`, `Status`) VALUES ('1', 'Juanito', 'Corregidora Sur', 'Calle Siempre viva', 'MFREOR403940', '3245', 'ejem@fjire', '1');
INSERT INTO `sistemasintegrados2016`.`venclientes` (`IdCliente`, `Nombre`, `DomicilioFiscal`, `DomicilioParticular`, `RFC`, `Telefono`, `Correo`, `Status`) VALUES ('2', 'Juanito', 'Corregidora norte', 'Calle sauces viva', 'MFREOR403940', '3245', 'ejem@fjire', '1');
INSERT INTO `sistemasintegrados2016`.`venclientes` (`IdCliente`, `Nombre`, `DomicilioFiscal`, `DomicilioParticular`, `RFC`, `Telefono`, `Correo`, `Status`) VALUES ('3', 'Juanito', 'Corregidora Sur', 'Calle Siempre viva', 'MFREOR403940', '3245', 'ejem@fjire', '1');
INSERT INTO `sistemasintegrados2016`.`venclientes` (`IdCliente`, `Nombre`, `DomicilioFiscal`, `DomicilioParticular`, `RFC`, `Telefono`, `Correo`, `Status`) VALUES ('4', 'Juanito', 'Corregidora norte', 'Calle sauces viva', 'MFREOR403940', '3245', 'ejem@fjire', '1');
INSERT INTO `sistemasintegrados2016`.`venclientes` (`IdCliente`, `Nombre`, `DomicilioFiscal`, `DomicilioParticular`, `RFC`, `Telefono`, `Correo`, `Status`) VALUES ('5', 'Juanito', 'Corregidora Sur', 'Calle Siempre viva', 'MFREOR403940', '3245', 'ejem@fjire', '1');
INSERT INTO `sistemasintegrados2016`.`venclientes` (`IdCliente`, `Nombre`, `DomicilioFiscal`, `DomicilioParticular`, `RFC`, `Telefono`, `Correo`, `Status`) VALUES ('6', 'Juanito', 'Corregidora norte', 'Calle sauces viva', 'MFREOR403940', '3245', 'ejem@fjire', '1');
INSERT INTO `sistemasintegrados2016`.`venclientes` (`IdCliente`, `Nombre`, `DomicilioFiscal`, `DomicilioParticular`, `RFC`, `Telefono`, `Correo`, `Status`) VALUES ('7', 'Juanito', 'Corregidora Sur', 'Calle Siempre viva', 'MFREOR403940', '3245', 'ejem@fjire', '1');
INSERT INTO `sistemasintegrados2016`.`venclientes` (`IdCliente`, `Nombre`, `DomicilioFiscal`, `DomicilioParticular`, `RFC`, `Telefono`, `Correo`, `Status`) VALUES ('8', 'Juanito', 'Corregidora norte', 'Calle Siempre viva', 'MFREOR403940', '3245', 'ejem@fjire', '1');
INSERT INTO `sistemasintegrados2016`.`venclientes` (`IdCliente`, `Nombre`, `DomicilioFiscal`, `DomicilioParticular`, `RFC`, `Telefono`, `Correo`, `Status`) VALUES ('9', 'Juanito', 'Corregidora Sur', 'Calle sauces viva', 'MFREOR403940', '3245', 'ejem@fjire', '1');
INSERT INTO `sistemasintegrados2016`.`venclientes` (`IdCliente`, `Nombre`, `DomicilioFiscal`, `DomicilioParticular`, `RFC`, `Telefono`, `Correo`, `Status`) VALUES ('10', 'Juanito', 'Corregidora norte', 'Calle Siempre viva', 'MFREOR403940', '3245', 'ejem@fjire', '1');
INSERT INTO `sistemasintegrados2016`.`venclientes` (`IdCliente`, `Nombre`, `DomicilioFiscal`, `DomicilioParticular`, `RFC`, `Telefono`, `Correo`, `Status`) VALUES ('11', 'Juanito', 'Corregidora Sur', 'Calle sauces viva', 'MFREOR403940', '3245', 'ejem@fjire', '1');
INSERT INTO `sistemasintegrados2016`.`venclientes` (`IdCliente`, `Nombre`, `DomicilioFiscal`, `DomicilioParticular`, `RFC`, `Telefono`, `Correo`, `Status`) VALUES ('12', 'Juanito', 'Corregidora norte', 'Calle Siempre viva', 'MFREOR403940', '3245', 'ejem@fjire', '1');
INSERT INTO `sistemasintegrados2016`.`venclientes` (`IdCliente`, `Nombre`, `DomicilioFiscal`, `DomicilioParticular`, `RFC`, `Telefono`, `Correo`, `Status`) VALUES ('13', 'Juanito', 'Corregidora Sur', 'Calle sauces viva', 'MFREOR403940', '3245', 'ejem@fjire', '1');
INSERT INTO `sistemasintegrados2016`.`venclientes` (`IdCliente`, `Nombre`, `DomicilioFiscal`, `DomicilioParticular`, `RFC`, `Telefono`, `Correo`, `Status`) VALUES ('14', 'Juanito', 'Corregidora norte', 'Calle Siempre viva', 'MFREOR403940', '3245', 'ejem@fjire', '1');
INSERT INTO `sistemasintegrados2016`.`venclientes` (`IdCliente`, `Nombre`, `DomicilioFiscal`, `DomicilioParticular`, `RFC`, `Telefono`, `Correo`, `Status`) VALUES ('15', 'Juanito', 'Corregidora Sur', 'Calle Siempre viva', 'MFREOR403940', '3245', 'ejem@fjire', '1');
INSERT INTO `sistemasintegrados2016`.`venclientes` (`IdCliente`, `Nombre`, `DomicilioFiscal`, `DomicilioParticular`, `RFC`, `Telefono`, `Correo`, `Status`) VALUES ('16', 'Juanito', 'Corregidora norte', 'Calle sauces viva', 'MFREOR403940', '3245', 'ejem@fjire', '1');
INSERT INTO `sistemasintegrados2016`.`venclientes` (`IdCliente`, `Nombre`, `DomicilioFiscal`, `DomicilioParticular`, `RFC`, `Telefono`, `Correo`, `Status`) VALUES ('17', 'Juanito', 'Corregidora Sur', 'Calle Siempre viva', 'MFREOR403940', '3245', 'ejem@fjire', '1');
INSERT INTO `sistemasintegrados2016`.`venclientes` (`IdCliente`, `Nombre`, `DomicilioFiscal`, `DomicilioParticular`, `RFC`, `Telefono`, `Correo`, `Status`) VALUES ('18', 'Juanito', 'Corregidora norte', 'Calle Siempre viva', 'MFREOR403940', '3245', 'ejem@fjire', '1');
INSERT INTO `sistemasintegrados2016`.`venclientes` (`IdCliente`, `Nombre`, `DomicilioFiscal`, `DomicilioParticular`, `RFC`, `Telefono`, `Correo`, `Status`) VALUES ('19', 'Juanito', 'Corregidora Sur', 'Calle sauces viva', 'MFREOR403940', '3245', 'ejem@fjire', '1');
INSERT INTO `sistemasintegrados2016`.`venclientes` (`IdCliente`, `Nombre`, `DomicilioFiscal`, `DomicilioParticular`, `RFC`, `Telefono`, `Correo`, `Status`) VALUES ('20', 'Juanito', 'Corregidora Sur', 'Calle Siempre viva', 'MFREOR403940', '3245', 'ejem@fjire', '1');

INSERT INTO `sistemasintegrados2016`.`venventas` (`IdVenta`, `Fecha`, `Monto`, `NumeroArticulo`, `Status`, `IdCliente`, `IdIngreso`) VALUES ('4', '2016-11-02', '24', '13', '1', '7', '33')
INSERT INTO `sistemasintegrados2016`.`venventas` (`IdVenta`, `Fecha`, `Monto`, `NumeroArticulo`, `Status`, `IdCliente`, `IdIngreso`) VALUES ('5', '2016-11-02', '25', '23', '1', '7', '33')
INSERT INTO `sistemasintegrados2016`.`venventas` (`IdVenta`, `Fecha`, `Monto`, `NumeroArticulo`, `Status`, `IdCliente`, `IdIngreso`) VALUES ('6', '2016-11-02', '26', '33', '1', '7', '33')
INSERT INTO `sistemasintegrados2016`.`venventas` (`IdVenta`, `Fecha`, `Monto`, `NumeroArticulo`, `Status`, `IdCliente`, `IdIngreso`) VALUES ('7', '2016-11-02', '27', '43', '1', '7', '33')
INSERT INTO `sistemasintegrados2016`.`venventas` (`IdVenta`, `Fecha`, `Monto`, `NumeroArticulo`, `Status`, `IdCliente`, `IdIngreso`) VALUES ('8', '2016-11-02', '28', '53', '1', '7', '33')
INSERT INTO `sistemasintegrados2016`.`venventas` (`IdVenta`, `Fecha`, `Monto`, `NumeroArticulo`, `Status`, `IdCliente`, `IdIngreso`) VALUES ('9', '2016-11-02', '29', '63', '1', '7', '33')
INSERT INTO `sistemasintegrados2016`.`venventas` (`IdVenta`, `Fecha`, `Monto`, `NumeroArticulo`, `Status`, `IdCliente`, `IdIngreso`) VALUES ('10', '2016-11-02', '21', '73', '1', '7', '33')
INSERT INTO `sistemasintegrados2016`.`venventas` (`IdVenta`, `Fecha`, `Monto`, `NumeroArticulo`, `Status`, `IdCliente`, `IdIngreso`) VALUES ('11', '2016-11-02', '22', '83', '1', '7', '33')
INSERT INTO `sistemasintegrados2016`.`venventas` (`IdVenta`, `Fecha`, `Monto`, `NumeroArticulo`, `Status`, `IdCliente`, `IdIngreso`) VALUES ('12', '2016-11-02', '23', '93', '1', '7', '33')
INSERT INTO `sistemasintegrados2016`.`venventas` (`IdVenta`, `Fecha`, `Monto`, `NumeroArticulo`, `Status`, `IdCliente`, `IdIngreso`) VALUES ('13', '2016-11-02', '24', '13', '1', '7', '33')
INSERT INTO `sistemasintegrados2016`.`venventas` (`IdVenta`, `Fecha`, `Monto`, `NumeroArticulo`, `Status`, `IdCliente`, `IdIngreso`) VALUES ('14', '2016-11-02', '25', '23', '1', '7', '33')
INSERT INTO `sistemasintegrados2016`.`venventas` (`IdVenta`, `Fecha`, `Monto`, `NumeroArticulo`, `Status`, `IdCliente`, `IdIngreso`) VALUES ('15', '2016-11-02', '26', '33', '1', '7', '33')
INSERT INTO `sistemasintegrados2016`.`venventas` (`IdVenta`, `Fecha`, `Monto`, `NumeroArticulo`, `Status`, `IdCliente`, `IdIngreso`) VALUES ('16', '2016-11-02', '27', '43', '1', '7', '33')
INSERT INTO `sistemasintegrados2016`.`venventas` (`IdVenta`, `Fecha`, `Monto`, `NumeroArticulo`, `Status`, `IdCliente`, `IdIngreso`) VALUES ('17', '2016-11-02', '28', '53', '1', '7', '33')
INSERT INTO `sistemasintegrados2016`.`venventas` (`IdVenta`, `Fecha`, `Monto`, `NumeroArticulo`, `Status`, `IdCliente`, `IdIngreso`) VALUES ('18', '2016-11-02', '21', '63', '1', '7', '33')
INSERT INTO `sistemasintegrados2016`.`venventas` (`IdVenta`, `Fecha`, `Monto`, `NumeroArticulo`, `Status`, `IdCliente`, `IdIngreso`) VALUES ('19', '2016-11-02', '22', '73', '1', '7', '33')
INSERT INTO `sistemasintegrados2016`.`venventas` (`IdVenta`, `Fecha`, `Monto`, `NumeroArticulo`, `Status`, `IdCliente`, `IdIngreso`) VALUES ('20', '2016-11-02', '23', '83', '1', '7', '33')
INSERT INTO `sistemasintegrados2016`.`venventas` (`IdVenta`, `Fecha`, `Monto`, `NumeroArticulo`, `Status`, `IdCliente`, `IdIngreso`) VALUES ('21', '2016-11-02', '24', '93', '1', '7', '33')
INSERT INTO `sistemasintegrados2016`.`venventas` (`IdVenta`, `Fecha`, `Monto`, `NumeroArticulo`, `Status`, `IdCliente`, `IdIngreso`) VALUES ('22', '2016-11-02', '25', '13', '1', '7', '33')
INSERT INTO `sistemasintegrados2016`.`venventas` (`IdVenta`, `Fecha`, `Monto`, `NumeroArticulo`, `Status`, `IdCliente`, `IdIngreso`) VALUES ('23', '2016-11-02', '26', '23', '1', '7', '33')

INSERT INTO `sistemasintegrados2016`.`vendevoluciones` (`IdDevolucion`, `Fecha`, `Motivo`, `IdVenta`, `IdCompra`) VALUES ('2', '2016-11-03', 'DEFECTO', '3', '4')
INSERT INTO `sistemasintegrados2016`.`vendevoluciones` (`IdDevolucion`, `Fecha`, `Motivo`, `IdVenta`, `IdCompra`) VALUES ('3', '2016-11-03', 'DEFECTO', '3', '4')
INSERT INTO `sistemasintegrados2016`.`vendevoluciones` (`IdDevolucion`, `Fecha`, `Motivo`, `IdVenta`, `IdCompra`) VALUES ('4', '2016-11-03', 'DEFECTO', '3', '4')
INSERT INTO `sistemasintegrados2016`.`vendevoluciones` (`IdDevolucion`, `Fecha`, `Motivo`, `IdVenta`, `IdCompra`) VALUES ('5', '2016-11-03', 'DEFECTO', '3', '4')
INSERT INTO `sistemasintegrados2016`.`vendevoluciones` (`IdDevolucion`, `Fecha`, `Motivo`, `IdVenta`, `IdCompra`) VALUES ('6', '2016-11-03', 'DEFECTO', '3', '4')
INSERT INTO `sistemasintegrados2016`.`vendevoluciones` (`IdDevolucion`, `Fecha`, `Motivo`, `IdVenta`, `IdCompra`) VALUES ('7', '2016-11-03', 'DEFECTO', '3', '4')
INSERT INTO `sistemasintegrados2016`.`vendevoluciones` (`IdDevolucion`, `Fecha`, `Motivo`, `IdVenta`, `IdCompra`) VALUES ('8', '2016-11-03', 'DEFECTO', '3', '4')
INSERT INTO `sistemasintegrados2016`.`vendevoluciones` (`IdDevolucion`, `Fecha`, `Motivo`, `IdVenta`, `IdCompra`) VALUES ('9', '2016-11-03', 'DEFECTO', '3', '4')
INSERT INTO `sistemasintegrados2016`.`vendevoluciones` (`IdDevolucion`, `Fecha`, `Motivo`, `IdVenta`, `IdCompra`) VALUES ('10', '2016-11-03', 'DEFECTO', '3', '4')
INSERT INTO `sistemasintegrados2016`.`vendevoluciones` (`IdDevolucion`, `Fecha`, `Motivo`, `IdVenta`, `IdCompra`) VALUES ('11', '2016-11-03', 'DEFECTO', '3', '4')
INSERT INTO `sistemasintegrados2016`.`vendevoluciones` (`IdDevolucion`, `Fecha`, `Motivo`, `IdVenta`, `IdCompra`) VALUES ('12', '2016-11-03', 'DEFECTO', '3', '4')
INSERT INTO `sistemasintegrados2016`.`vendevoluciones` (`IdDevolucion`, `Fecha`, `Motivo`, `IdVenta`, `IdCompra`) VALUES ('13', '2016-11-03', 'DEFECTO', '3', '4')
INSERT INTO `sistemasintegrados2016`.`vendevoluciones` (`IdDevolucion`, `Fecha`, `Motivo`, `IdVenta`, `IdCompra`) VALUES ('14', '2016-11-03', 'DEFECTO', '3', '4')
INSERT INTO `sistemasintegrados2016`.`vendevoluciones` (`IdDevolucion`, `Fecha`, `Motivo`, `IdVenta`, `IdCompra`) VALUES ('15', '2016-11-03', 'DEFECTO', '3', '4')
INSERT INTO `sistemasintegrados2016`.`vendevoluciones` (`IdDevolucion`, `Fecha`, `Motivo`, `IdVenta`, `IdCompra`) VALUES ('16', '2016-11-03', 'DEFECTO', '3', '4')
INSERT INTO `sistemasintegrados2016`.`vendevoluciones` (`IdDevolucion`, `Fecha`, `Motivo`, `IdVenta`, `IdCompra`) VALUES ('17', '2016-11-03', 'DEFECTO', '3', '4')
INSERT INTO `sistemasintegrados2016`.`vendevoluciones` (`IdDevolucion`, `Fecha`, `Motivo`, `IdVenta`, `IdCompra`) VALUES ('18', '2016-11-03', 'DEFECTO', '3', '4')
INSERT INTO `sistemasintegrados2016`.`vendevoluciones` (`IdDevolucion`, `Fecha`, `Motivo`, `IdVenta`, `IdCompra`) VALUES ('19', '2016-11-03', 'DEFECTO', '3', '4')
INSERT INTO `sistemasintegrados2016`.`vendevoluciones` (`IdDevolucion`, `Fecha`, `Motivo`, `IdVenta`, `IdCompra`) VALUES ('20', '2016-11-03', 'DEFECTO', '3', '4')
INSERT INTO `sistemasintegrados2016`.`vendevoluciones` (`IdDevolucion`, `Fecha`, `Motivo`, `IdVenta`, `IdCompra`) VALUES ('21', '2016-11-03', 'DEFECTO', '3', '4')

INSERT INTO `sistemasintegrados2016`.`vendetalleventas` (`IdDetalleVenta`, `IdVenta`, `IdProducto`, `PrecioUnitario`, `Cantidad`, `Descuento`) VALUES ('2', '3', '4', '12', '4', '2')
INSERT INTO `sistemasintegrados2016`.`vendetalleventas` (`IdDetalleVenta`, `IdVenta`, `IdProducto`, `PrecioUnitario`, `Cantidad`, `Descuento`) VALUES ('3', '3', '4', '12', '4', '2')
INSERT INTO `sistemasintegrados2016`.`vendetalleventas` (`IdDetalleVenta`, `IdVenta`, `IdProducto`, `PrecioUnitario`, `Cantidad`, `Descuento`) VALUES ('4', '3', '4', '12', '4', '2')
INSERT INTO `sistemasintegrados2016`.`vendetalleventas` (`IdDetalleVenta`, `IdVenta`, `IdProducto`, `PrecioUnitario`, `Cantidad`, `Descuento`) VALUES ('5', '3', '4', '12', '4', '2')
INSERT INTO `sistemasintegrados2016`.`vendetalleventas` (`IdDetalleVenta`, `IdVenta`, `IdProducto`, `PrecioUnitario`, `Cantidad`, `Descuento`) VALUES ('6', '3', '4', '12', '4', '2')
INSERT INTO `sistemasintegrados2016`.`vendetalleventas` (`IdDetalleVenta`, `IdVenta`, `IdProducto`, `PrecioUnitario`, `Cantidad`, `Descuento`) VALUES ('7', '3', '4', '12', '4', '2')
INSERT INTO `sistemasintegrados2016`.`vendetalleventas` (`IdDetalleVenta`, `IdVenta`, `IdProducto`, `PrecioUnitario`, `Cantidad`, `Descuento`) VALUES ('8', '3', '4', '12', '4', '2')
INSERT INTO `sistemasintegrados2016`.`vendetalleventas` (`IdDetalleVenta`, `IdVenta`, `IdProducto`, `PrecioUnitario`, `Cantidad`, `Descuento`) VALUES ('9', '3', '4', '12', '4', '2')
INSERT INTO `sistemasintegrados2016`.`vendetalleventas` (`IdDetalleVenta`, `IdVenta`, `IdProducto`, `PrecioUnitario`, `Cantidad`, `Descuento`) VALUES ('10', '3', '4', '12', '4', '2')
INSERT INTO `sistemasintegrados2016`.`vendetalleventas` (`IdDetalleVenta`, `IdVenta`, `IdProducto`, `PrecioUnitario`, `Cantidad`, `Descuento`) VALUES ('11', '3', '4', '12', '4', '2')
INSERT INTO `sistemasintegrados2016`.`vendetalleventas` (`IdDetalleVenta`, `IdVenta`, `IdProducto`, `PrecioUnitario`, `Cantidad`, `Descuento`) VALUES ('12', '3', '4', '12', '4', '2')
INSERT INTO `sistemasintegrados2016`.`vendetalleventas` (`IdDetalleVenta`, `IdVenta`, `IdProducto`, `PrecioUnitario`, `Cantidad`, `Descuento`) VALUES ('13', '3', '4', '12', '4', '2')
INSERT INTO `sistemasintegrados2016`.`vendetalleventas` (`IdDetalleVenta`, `IdVenta`, `IdProducto`, `PrecioUnitario`, `Cantidad`, `Descuento`) VALUES ('14', '3', '4', '12', '4', '2')
INSERT INTO `sistemasintegrados2016`.`vendetalleventas` (`IdDetalleVenta`, `IdVenta`, `IdProducto`, `PrecioUnitario`, `Cantidad`, `Descuento`) VALUES ('15', '3', '4', '12', '4', '2')
INSERT INTO `sistemasintegrados2016`.`vendetalleventas` (`IdDetalleVenta`, `IdVenta`, `IdProducto`, `PrecioUnitario`, `Cantidad`, `Descuento`) VALUES ('16', '3', '4', '12', '4', '2')
INSERT INTO `sistemasintegrados2016`.`vendetalleventas` (`IdDetalleVenta`, `IdVenta`, `IdProducto`, `PrecioUnitario`, `Cantidad`, `Descuento`) VALUES ('17', '3', '4', '12', '4', '2')
INSERT INTO `sistemasintegrados2016`.`vendetalleventas` (`IdDetalleVenta`, `IdVenta`, `IdProducto`, `PrecioUnitario`, `Cantidad`, `Descuento`) VALUES ('18', '3', '4', '12', '4', '2')
INSERT INTO `sistemasintegrados2016`.`vendetalleventas` (`IdDetalleVenta`, `IdVenta`, `IdProducto`, `PrecioUnitario`, `Cantidad`, `Descuento`) VALUES ('19', '3', '4', '12', '4', '2')
INSERT INTO `sistemasintegrados2016`.`vendetalleventas` (`IdDetalleVenta`, `IdVenta`, `IdProducto`, `PrecioUnitario`, `Cantidad`, `Descuento`) VALUES ('20', '3', '4', '12', '4', '2')
INSERT INTO `sistemasintegrados2016`.`vendetalleventas` (`IdDetalleVenta`, `IdVenta`, `IdProducto`, `PrecioUnitario`, `Cantidad`, `Descuento`) VALUES ('21', '3', '4', '12', '4', '2')

INSERT INTO `sistemasintegrados2016`.`systiposcuentas` (`IdTipo`, `Nombre`, `Status`, `IdPermiso`) VALUES ('3', 'proveedores', '1', '44');
INSERT INTO `sistemasintegrados2016`.`systiposcuentas` (`IdTipo`, `Nombre`, `Status`, `IdPermiso`) VALUES ('4', 'mercadotecnia', '1', '44');
INSERT INTO `sistemasintegrados2016`.`systiposcuentas` (`IdTipo`, `Nombre`, `Status`, `IdPermiso`) VALUES ('5', 'proveedores', '1', '44');
INSERT INTO `sistemasintegrados2016`.`systiposcuentas` (`IdTipo`, `Nombre`, `Status`, `IdPermiso`) VALUES ('6', 'mercadotecnia', '1', '44');
INSERT INTO `sistemasintegrados2016`.`systiposcuentas` (`IdTipo`, `Nombre`, `Status`, `IdPermiso`) VALUES ('7', 'proveedores', '1', '44');
INSERT INTO `sistemasintegrados2016`.`systiposcuentas` (`IdTipo`, `Nombre`, `Status`, `IdPermiso`) VALUES ('8', 'proveedores', '1', '44');
INSERT INTO `sistemasintegrados2016`.`systiposcuentas` (`IdTipo`, `Nombre`, `Status`, `IdPermiso`) VALUES ('9', 'mercadotecnia', '1', '44');
INSERT INTO `sistemasintegrados2016`.`systiposcuentas` (`IdTipo`, `Nombre`, `Status`, `IdPermiso`) VALUES ('10', 'proveedores', '1', '44');
INSERT INTO `sistemasintegrados2016`.`systiposcuentas` (`IdTipo`, `Nombre`, `Status`, `IdPermiso`) VALUES ('11', 'proveedores', '1', '44');
INSERT INTO `sistemasintegrados2016`.`systiposcuentas` (`IdTipo`, `Nombre`, `Status`, `IdPermiso`) VALUES ('12', 'proveedores', '1', '44');
INSERT INTO `sistemasintegrados2016`.`systiposcuentas` (`IdTipo`, `Nombre`, `Status`, `IdPermiso`) VALUES ('13', 'proveedores', '1', '44');
INSERT INTO `sistemasintegrados2016`.`systiposcuentas` (`IdTipo`, `Nombre`, `Status`, `IdPermiso`) VALUES ('14', 'mercadotecnia', '1', '44');
INSERT INTO `sistemasintegrados2016`.`systiposcuentas` (`IdTipo`, `Nombre`, `Status`, `IdPermiso`) VALUES ('15', 'proveedores', '1', '44');
INSERT INTO `sistemasintegrados2016`.`systiposcuentas` (`IdTipo`, `Nombre`, `Status`, `IdPermiso`) VALUES ('16', 'proveedores', '1', '44');
INSERT INTO `sistemasintegrados2016`.`systiposcuentas` (`IdTipo`, `Nombre`, `Status`, `IdPermiso`) VALUES ('17', 'mercadotecnia', '1', '44');
INSERT INTO `sistemasintegrados2016`.`systiposcuentas` (`IdTipo`, `Nombre`, `Status`, `IdPermiso`) VALUES ('18', 'proveedores', '1', '44');
INSERT INTO `sistemasintegrados2016`.`systiposcuentas` (`IdTipo`, `Nombre`, `Status`, `IdPermiso`) VALUES ('19', 'mercadotecnia', '1', '44');
INSERT INTO `sistemasintegrados2016`.`systiposcuentas` (`IdTipo`, `Nombre`, `Status`, `IdPermiso`) VALUES ('20', 'proveedores', '1', '44');
INSERT INTO `sistemasintegrados2016`.`systiposcuentas` (`IdTipo`, `Nombre`, `Status`, `IdPermiso`) VALUES ('21', 'proveedores', '1', '44');
INSERT INTO `sistemasintegrados2016`.`systiposcuentas` (`IdTipo`, `Nombre`, `Status`, `IdPermiso`) VALUES ('22', 'mercadotecnia', '1', '44');

INSERT INTO `sistemasintegrados2016`.`syscuentas` (`IdCuenta`, `Password`, `TipoCuenta`, `Intentos`, `Status`, `FechaUltimoAcceso`, `IdTipo`) VALUES ('12', '123', 'proveedore', '3', '1', '2016-11-03', '3');
INSERT INTO `sistemasintegrados2016`.`syscuentas` (`IdCuenta`, `Password`, `TipoCuenta`, `Intentos`, `Status`, `FechaUltimoAcceso`, `IdTipo`) VALUES ('13', '123', 'mecadotecnia', '3', '1', '2016-11-03', '3');
INSERT INTO `sistemasintegrados2016`.`syscuentas` (`IdCuenta`, `Password`, `TipoCuenta`, `Intentos`, `Status`, `FechaUltimoAcceso`, `IdTipo`) VALUES ('14', '123', 'proveedore', '3', '1', '2016-11-03', '3');
INSERT INTO `sistemasintegrados2016`.`syscuentas` (`IdCuenta`, `Password`, `TipoCuenta`, `Intentos`, `Status`, `FechaUltimoAcceso`, `IdTipo`) VALUES ('15', '123', 'mecadotecnia', '3', '1', '2016-11-03', '3');
INSERT INTO `sistemasintegrados2016`.`syscuentas` (`IdCuenta`, `Password`, `TipoCuenta`, `Intentos`, `Status`, `FechaUltimoAcceso`, `IdTipo`) VALUES ('16', '123', 'proveedore', '3', '1', '2016-11-03', '3');
INSERT INTO `sistemasintegrados2016`.`syscuentas` (`IdCuenta`, `Password`, `TipoCuenta`, `Intentos`, `Status`, `FechaUltimoAcceso`, `IdTipo`) VALUES ('17', '123', 'proveedore', '3', '1', '2016-11-03', '3');
INSERT INTO `sistemasintegrados2016`.`syscuentas` (`IdCuenta`, `Password`, `TipoCuenta`, `Intentos`, `Status`, `FechaUltimoAcceso`, `IdTipo`) VALUES ('18', '123', 'proveedore', '3', '1', '2016-11-03', '3');
INSERT INTO `sistemasintegrados2016`.`syscuentas` (`IdCuenta`, `Password`, `TipoCuenta`, `Intentos`, `Status`, `FechaUltimoAcceso`, `IdTipo`) VALUES ('19', '123', 'mecadotecnia', '3', '1', '2016-11-03', '3');
INSERT INTO `sistemasintegrados2016`.`syscuentas` (`IdCuenta`, `Password`, `TipoCuenta`, `Intentos`, `Status`, `FechaUltimoAcceso`, `IdTipo`) VALUES ('20', '123', 'proveedore', '3', '1', '2016-11-03', '3');
INSERT INTO `sistemasintegrados2016`.`syscuentas` (`IdCuenta`, `Password`, `TipoCuenta`, `Intentos`, `Status`, `FechaUltimoAcceso`, `IdTipo`) VALUES ('21', '123', 'proveedore', '3', '1', '2016-11-03', '3');
INSERT INTO `sistemasintegrados2016`.`syscuentas` (`IdCuenta`, `Password`, `TipoCuenta`, `Intentos`, `Status`, `FechaUltimoAcceso`, `IdTipo`) VALUES ('22', '123', 'proveedore', '3', '1', '2016-11-03', '3');
INSERT INTO `sistemasintegrados2016`.`syscuentas` (`IdCuenta`, `Password`, `TipoCuenta`, `Intentos`, `Status`, `FechaUltimoAcceso`, `IdTipo`) VALUES ('23', '123', 'mecadotecnia', '3', '1', '2016-11-03', '3');
INSERT INTO `sistemasintegrados2016`.`syscuentas` (`IdCuenta`, `Password`, `TipoCuenta`, `Intentos`, `Status`, `FechaUltimoAcceso`, `IdTipo`) VALUES ('24', '123', 'proveedore', '3', '1', '2016-11-03', '3');
INSERT INTO `sistemasintegrados2016`.`syscuentas` (`IdCuenta`, `Password`, `TipoCuenta`, `Intentos`, `Status`, `FechaUltimoAcceso`, `IdTipo`) VALUES ('25', '123', 'mecadotecnia', '3', '1', '2016-11-03', '3');
INSERT INTO `sistemasintegrados2016`.`syscuentas` (`IdCuenta`, `Password`, `TipoCuenta`, `Intentos`, `Status`, `FechaUltimoAcceso`, `IdTipo`) VALUES ('26', '123', 'proveedore', '3', '1', '2016-11-03', '3');
INSERT INTO `sistemasintegrados2016`.`syscuentas` (`IdCuenta`, `Password`, `TipoCuenta`, `Intentos`, `Status`, `FechaUltimoAcceso`, `IdTipo`) VALUES ('27', '123', 'proveedore', '3', '1', '2016-11-03', '3');
INSERT INTO `sistemasintegrados2016`.`syscuentas` (`IdCuenta`, `Password`, `TipoCuenta`, `Intentos`, `Status`, `FechaUltimoAcceso`, `IdTipo`) VALUES ('28', '123', 'mecadotecnia', '3', '1', '2016-11-03', '3');
INSERT INTO `sistemasintegrados2016`.`syscuentas` (`IdCuenta`, `Password`, `TipoCuenta`, `Intentos`, `Status`, `FechaUltimoAcceso`, `IdTipo`) VALUES ('29', '123', 'proveedore', '3', '1', '2016-11-03', '3');
INSERT INTO `sistemasintegrados2016`.`syscuentas` (`IdCuenta`, `Password`, `TipoCuenta`, `Intentos`, `Status`, `FechaUltimoAcceso`, `IdTipo`) VALUES ('30', '123', 'proveedore', '3', '1', '2016-11-03', '3');
INSERT INTO `sistemasintegrados2016`.`syscuentas` (`IdCuenta`, `Password`, `TipoCuenta`, `Intentos`, `Status`, `FechaUltimoAcceso`, `IdTipo`) VALUES ('31', '123', 'mecadotecnias', '3', '1', '2016-11-03', '3');

