INSERT INTO `sistemasintegrados2016`.`rhsucursales` (`IdSucursal`, `Nombre`, `Localizacion`, `Status`, `Telefono`, `DomicilioFiscal`) VALUES ('2', 'Queretaro', 'Queretaro', '1', '212331', 'Coregidora norte');
INSERT INTO `sistemasintegrados2016`.`rhsucursales` (`IdSucursal`, `Nombre`, `Localizacion`, `Status`, `Telefono`, `DomicilioFiscal`) VALUES ('3', 'Durango', 'Durango', '0', '2123451', 'Coregidora sur');
INSERT INTO `sistemasintegrados2016`.`rhsucursales` (`IdSucursal`, `Nombre`, `Localizacion`, `Status`, `Telefono`, `DomicilioFiscal`) VALUES ('4', 'Guerrero', 'Guerrero', '1', '254331', 'Coregidora norte');
INSERT INTO `sistemasintegrados2016`.`rhsucursales` (`IdSucursal`, `Nombre`, `Localizacion`, `Status`, `Telefono`, `DomicilioFiscal`) VALUES ('5', 'Zacatecas', 'Zacatecas', '0', '213431', 'Coregidora sur');
INSERT INTO `sistemasintegrados2016`.`rhsucursales` (`IdSucursal`, `Nombre`, `Localizacion`, `Status`, `Telefono`, `DomicilioFiscal`) VALUES ('6', 'Colima', 'Colima', '1', '212541', 'Coregidora norte');
INSERT INTO `sistemasintegrados2016`.`rhsucursales` (`IdSucursal`, `Nombre`, `Localizacion`, `Status`, `Telefono`, `DomicilioFiscal`) VALUES ('7', 'Arteaga', 'Queretaro', '1', '234331', 'Coregidora sur');
INSERT INTO `sistemasintegrados2016`.`rhsucursales` (`IdSucursal`, `Nombre`, `Localizacion`, `Status`, `Telefono`, `DomicilioFiscal`) VALUES ('8', 'Monterrey', 'Monterrye', '1', '260331', 'Coregidora norte');
INSERT INTO `sistemasintegrados2016`.`rhsucursales` (`IdSucursal`, `Nombre`, `Localizacion`, `Status`, `Telefono`, `DomicilioFiscal`) VALUES ('9', 'Hermosillo', 'Hermosillo', '1', '209831', 'Coregidora sur');
INSERT INTO `sistemasintegrados2016`.`rhsucursales` (`IdSucursal`, `Nombre`, `Localizacion`, `Status`, `Telefono`, `DomicilioFiscal`) VALUES ('10', 'Sinaloa', 'Sinaloa', '1', '287331', 'Coregidora norte');
INSERT INTO `sistemasintegrados2016`.`rhsucursales` (`IdSucursal`, `Nombre`, `Localizacion`, `Status`, `Telefono`, `DomicilioFiscal`) VALUES ('11', 'Michoacan', 'Michoacan', '1', '267331', 'Coregidora sur');
INSERT INTO `sistemasintegrados2016`.`rhsucursales` (`IdSucursal`, `Nombre`, `Localizacion`, `Status`, `Telefono`, `DomicilioFiscal`) VALUES ('12', 'Chiapas', 'Chiapas', '1', '212971', 'Coregidora norte');
INSERT INTO `sistemasintegrados2016`.`rhsucursales` (`IdSucursal`, `Nombre`, `Localizacion`, `Status`, `Telefono`, `DomicilioFiscal`) VALUES ('12', 'Campeche', 'Campeche', '1', '212891', 'Coregidora sur');
INSERT INTO `sistemasintegrados2016`.`rhsucursales` (`IdSucursal`, `Nombre`, `Localizacion`, `Status`, `Telefono`, `DomicilioFiscal`) VALUES ('14', 'Leon', 'Leon', '1', '298761', 'Coregidora norte');
INSERT INTO `sistemasintegrados2016`.`rhsucursales` (`IdSucursal`, `Nombre`, `Localizacion`, `Status`, `Telefono`, `DomicilioFiscal`) VALUES ('15', 'Guanajuato', 'Guanajuato', '1', '298761', 'Coregidora sur');
INSERT INTO `sistemasintegrados2016`.`rhsucursales` (`IdSucursal`, `Nombre`, `Localizacion`, `Status`, `Telefono`, `DomicilioFiscal`) VALUES ('16', 'Durango', 'Durango', '1', '219871', 'Coregidora norte');
INSERT INTO `sistemasintegrados2016`.`rhsucursales` (`IdSucursal`, `Nombre`, `Localizacion`, `Status`, `Telefono`, `DomicilioFiscal`) VALUES ('17', 'Aguascalientes', 'Aguascalientes', '1', '278331', 'Coregidora sur');
INSERT INTO `sistemasintegrados2016`.`rhsucursales` (`IdSucursal`, `Nombre`, `Localizacion`, `Status`, `Telefono`, `DomicilioFiscal`) VALUES ('18', 'Francia', 'Francia', '1', '287331', 'Coregidora norte');
INSERT INTO `sistemasintegrados2016`.`rhsucursales` (`IdSucursal`, `Nombre`, `Localizacion`, `Status`, `Telefono`, `DomicilioFiscal`) VALUES ('19', 'cuernavaca', 'Cuernavaca', '1', '278331', 'Coregidora sur');
INSERT INTO `sistemasintegrados2016`.`rhsucursales` (`IdSucursal`, `Nombre`, `Localizacion`, `Status`, `Telefono`, `DomicilioFiscal`) VALUES ('20', 'Queretaro', 'Queretaro', '1', '217831', 'Coregidora norte');

INSERT INTO `sistemasintegrados2016`.`rhturnos` (`IdTurno`, `Nombre`, `HoraEntrada`, `HoraSalida`, `DiasLaborales`, `TipoJornada`, `Status`) VALUES ('1', 'Juan Perez', '05:18:12', '05:11:08', 'LMV', 'completa', '1');
INSERT INTO `sistemasintegrados2016`.`rhturnos` (`IdTurno`, `Nombre`, `HoraEntrada`, `HoraSalida`, `DiasLaborales`, `TipoJornada`, `Status`) VALUES ('2', 'Alejandro Perez', '05:18:12', '05:11:08', 'LMV', 'mediotiempo', '1');
INSERT INTO `sistemasintegrados2016`.`rhturnos` (`IdTurno`, `Nombre`, `HoraEntrada`, `HoraSalida`, `DiasLaborales`, `TipoJornada`, `Status`) VALUES ('3', 'Juan Perez', '05:18:12', '05:11:08', 'LMD', 'completa', '1');
INSERT INTO `sistemasintegrados2016`.`rhturnos` (`IdTurno`, `Nombre`, `HoraEntrada`, `HoraSalida`, `DiasLaborales`, `TipoJornada`, `Status`) VALUES ('4', 'Pedro Salvador', '05:18:12', '05:11:08', 'LMV', 'completa', '1');
INSERT INTO `sistemasintegrados2016`.`rhturnos` (`IdTurno`, `Nombre`, `HoraEntrada`, `HoraSalida`, `DiasLaborales`, `TipoJornada`, `Status`) VALUES ('5', 'Juan Perez', '05:18:12', '05:11:08', 'LMV', 'mediotiempo', '1');
INSERT INTO `sistemasintegrados2016`.`rhturnos` (`IdTurno`, `Nombre`, `HoraEntrada`, `HoraSalida`, `DiasLaborales`, `TipoJornada`, `Status`) VALUES ('6', 'Pedro Salvador', '05:18:12', '05:11:08', 'LMV', 'completa', '1');
INSERT INTO `sistemasintegrados2016`.`rhturnos` (`IdTurno`, `Nombre`, `HoraEntrada`, `HoraSalida`, `DiasLaborales`, `TipoJornada`, `Status`) VALUES ('7', 'Juan Perez', '05:18:12', '05:11:08', 'LDS', 'completa', '1');
INSERT INTO `sistemasintegrados2016`.`rhturnos` (`IdTurno`, `Nombre`, `HoraEntrada`, `HoraSalida`, `DiasLaborales`, `TipoJornada`, `Status`) VALUES ('8', 'Juan Perez', '05:18:12', '05:11:08', 'LMV', 'completa', '1');
INSERT INTO `sistemasintegrados2016`.`rhturnos` (`IdTurno`, `Nombre`, `HoraEntrada`, `HoraSalida`, `DiasLaborales`, `TipoJornada`, `Status`) VALUES ('9', 'Pedro Salvador', '05:18:12', '05:11:08', 'LMV', 'completa', '1');
INSERT INTO `sistemasintegrados2016`.`rhturnos` (`IdTurno`, `Nombre`, `HoraEntrada`, `HoraSalida`, `DiasLaborales`, `TipoJornada`, `Status`) VALUES ('10', 'Juan Perez', '05:18:12', '05:11:08', 'LDS', 'completa', '1');
INSERT INTO `sistemasintegrados2016`.`rhturnos` (`IdTurno`, `Nombre`, `HoraEntrada`, `HoraSalida`, `DiasLaborales`, `TipoJornada`, `Status`) VALUES ('11', 'Pedro Salvador', '05:18:12', '05:11:08', 'LMV', 'completa', '1');
INSERT INTO `sistemasintegrados2016`.`rhturnos` (`IdTurno`, `Nombre`, `HoraEntrada`, `HoraSalida`, `DiasLaborales`, `TipoJornada`, `Status`) VALUES ('12', 'Juan Perez', '05:18:12', '05:11:08', 'LDS', 'completa', '1');
INSERT INTO `sistemasintegrados2016`.`rhturnos` (`IdTurno`, `Nombre`, `HoraEntrada`, `HoraSalida`, `DiasLaborales`, `TipoJornada`, `Status`) VALUES ('13', 'Juan Navarro', '05:18:12', '05:11:08', 'LMV', 'mediotiempo', '1');
INSERT INTO `sistemasintegrados2016`.`rhturnos` (`IdTurno`, `Nombre`, `HoraEntrada`, `HoraSalida`, `DiasLaborales`, `TipoJornada`, `Status`) VALUES ('14', 'Juan Perez', '05:18:12', '05:11:08', 'LDS', 'completa', '1');
INSERT INTO `sistemasintegrados2016`.`rhturnos` (`IdTurno`, `Nombre`, `HoraEntrada`, `HoraSalida`, `DiasLaborales`, `TipoJornada`, `Status`) VALUES ('15', 'Juan Navarro', '05:18:12', '05:11:08', 'LMV', 'completa', '1');
INSERT INTO `sistemasintegrados2016`.`rhturnos` (`IdTurno`, `Nombre`, `HoraEntrada`, `HoraSalida`, `DiasLaborales`, `TipoJornada`, `Status`) VALUES ('16', 'Juan Perez', '05:18:12', '05:11:08', 'LDS', 'mediotiempo', '1');
INSERT INTO `sistemasintegrados2016`.`rhturnos` (`IdTurno`, `Nombre`, `HoraEntrada`, `HoraSalida`, `DiasLaborales`, `TipoJornada`, `Status`) VALUES ('17', 'Juan Navarro', '05:18:12', '05:11:08', 'LMV', 'completa', '1');
INSERT INTO `sistemasintegrados2016`.`rhturnos` (`IdTurno`, `Nombre`, `HoraEntrada`, `HoraSalida`, `DiasLaborales`, `TipoJornada`, `Status`) VALUES ('18', 'Juan Perez', '05:18:12', '05:11:08', 'LDS', 'completa', '1');
INSERT INTO `sistemasintegrados2016`.`rhturnos` (`IdTurno`, `Nombre`, `HoraEntrada`, `HoraSalida`, `DiasLaborales`, `TipoJornada`, `Status`) VALUES ('19', 'Juan Navarro', '05:18:12', '05:11:08', 'LMV', 'completa', '1');
INSERT INTO `sistemasintegrados2016`.`rhturnos` (`IdTurno`, `Nombre`, `HoraEntrada`, `HoraSalida`, `DiasLaborales`, `TipoJornada`, `Status`) VALUES ('20', 'Juan Perez', '05:18:12', '05:11:08', 'LDS', 'completa', '1');


INSERT INTO `sistemasintegrados2016`.`syspermisos` (`IdPermiso`, `TipoPermiso`, `Status`, `FechaOtorgacion`, `FechaVencimiento`) VALUES ('44', 'Seguro', '1', '2016-11-02', '2016-11-10');
INSERT INTO `sistemasintegrados2016`.`syspermisos` (`IdPermiso`, `TipoPermiso`, `Status`, `FechaOtorgacion`, `FechaVencimiento`) VALUES ('45', 'vacaciones', '1', '2016-11-02', '2016-11-10');
INSERT INTO `sistemasintegrados2016`.`syspermisos` (`IdPermiso`, `TipoPermiso`, `Status`, `FechaOtorgacion`, `FechaVencimiento`) VALUES ('46', 'Seguro', '1', '2016-11-02', '2016-11-10');
INSERT INTO `sistemasintegrados2016`.`syspermisos` (`IdPermiso`, `TipoPermiso`, `Status`, `FechaOtorgacion`, `FechaVencimiento`) VALUES ('49', 'Seguro', '1', '2016-11-02', '2016-11-10');
INSERT INTO `sistemasintegrados2016`.`syspermisos` (`IdPermiso`, `TipoPermiso`, `Status`, `FechaOtorgacion`, `FechaVencimiento`) VALUES ('50', 'Seguro', '1', '2016-11-02', '2016-11-10');
INSERT INTO `sistemasintegrados2016`.`syspermisos` (`IdPermiso`, `TipoPermiso`, `Status`, `FechaOtorgacion`, `FechaVencimiento`) VALUES ('51', 'vacaciones', '1', '2016-11-02', '2016-11-10');
INSERT INTO `sistemasintegrados2016`.`syspermisos` (`IdPermiso`, `TipoPermiso`, `Status`, `FechaOtorgacion`, `FechaVencimiento`) VALUES ('52', 'Seguro', '1', '2016-11-02', '2016-11-10');
INSERT INTO `sistemasintegrados2016`.`syspermisos` (`IdPermiso`, `TipoPermiso`, `Status`, `FechaOtorgacion`, `FechaVencimiento`) VALUES ('53', 'Seguro', '1', '2016-11-02', '2016-11-10');
INSERT INTO `sistemasintegrados2016`.`syspermisos` (`IdPermiso`, `TipoPermiso`, `Status`, `FechaOtorgacion`, `FechaVencimiento`) VALUES ('54', 'vacaciones', '1', '2016-11-02', '2016-11-10');
INSERT INTO `sistemasintegrados2016`.`syspermisos` (`IdPermiso`, `TipoPermiso`, `Status`, `FechaOtorgacion`, `FechaVencimiento`) VALUES ('55', 'Seguro', '1', '2016-11-02', '2016-11-10');
INSERT INTO `sistemasintegrados2016`.`syspermisos` (`IdPermiso`, `TipoPermiso`, `Status`, `FechaOtorgacion`, `FechaVencimiento`) VALUES ('56', 'vacaciones', '1', '2016-11-02', '2016-11-10');
INSERT INTO `sistemasintegrados2016`.`syspermisos` (`IdPermiso`, `TipoPermiso`, `Status`, `FechaOtorgacion`, `FechaVencimiento`) VALUES ('57', 'Seguro', '1', '2016-11-02', '2016-11-10');
INSERT INTO `sistemasintegrados2016`.`syspermisos` (`IdPermiso`, `TipoPermiso`, `Status`, `FechaOtorgacion`, `FechaVencimiento`) VALUES ('58', 'Seguro', '1', '2016-11-02', '2016-11-10');
INSERT INTO `sistemasintegrados2016`.`syspermisos` (`IdPermiso`, `TipoPermiso`, `Status`, `FechaOtorgacion`, `FechaVencimiento`) VALUES ('59', 'vacaciones', '1', '2016-11-02', '2016-11-10');
INSERT INTO `sistemasintegrados2016`.`syspermisos` (`IdPermiso`, `TipoPermiso`, `Status`, `FechaOtorgacion`, `FechaVencimiento`) VALUES ('60', 'Seguro', '1', '2016-11-02', '2016-11-10');
INSERT INTO `sistemasintegrados2016`.`syspermisos` (`IdPermiso`, `TipoPermiso`, `Status`, `FechaOtorgacion`, `FechaVencimiento`) VALUES ('61', 'Seguro', '1', '2016-11-02', '2016-11-10');
INSERT INTO `sistemasintegrados2016`.`syspermisos` (`IdPermiso`, `TipoPermiso`, `Status`, `FechaOtorgacion`, `FechaVencimiento`) VALUES ('61', 'vacaciones', '1', '2016-11-02', '2016-11-10');
INSERT INTO `sistemasintegrados2016`.`syspermisos` (`IdPermiso`, `TipoPermiso`, `Status`, `FechaOtorgacion`, `FechaVencimiento`) VALUES ('62', 'Seguro', '1', '2016-11-02', '2016-11-10');
INSERT INTO `sistemasintegrados2016`.`syspermisos` (`IdPermiso`, `TipoPermiso`, `Status`, `FechaOtorgacion`, `FechaVencimiento`) VALUES ('63', 'vacaciones', '1', '2016-11-02', '2016-11-10');
INSERT INTO `sistemasintegrados2016`.`syspermisos` (`IdPermiso`, `TipoPermiso`, `Status`, `FechaOtorgacion`, `FechaVencimiento`) VALUES ('64', 'Seguro', '1', '2016-11-02', '2016-11-10');


INSERT INTO `sistemasintegrados2016`.`venclientes` (`IdCliente`, `Nombre`, `DomicilioFiscal`, `DomicilioParticular`, `RFC`, `Telefono`, `Correo`, `Status`) VALUES ('1', 'Juanito', 'Corregidora Sur', 'Calle Siempre viva', 'MFREOR403940', '3245', 'ejem@fjire', '1');
INSERT INTO `sistemasintegrados2016`.`venclientes` (`IdCliente`, `Nombre`, `DomicilioFiscal`, `DomicilioParticular`, `RFC`, `Telefono`, `Correo`, `Status`) VALUES ('2', 'Juanito', 'Corregidora norte', 'Calle sauces viva', 'MFREOR403940', '3245', 'ejem@fjire', '1');
INSERT INTO `sistemasintegrados2016`.`venclientes` (`IdCliente`, `Nombre`, `DomicilioFiscal`, `DomicilioParticular`, `RFC`, `Telefono`, `Correo`, `Status`) VALUES ('3', 'Juanito', 'Corregidora Sur', 'Calle Siempre viva', 'MFREOR403940', '3245', 'ejem@fjire', '1');
INSERT INTO `sistemasintegrados2016`.`venclientes` (`IdCliente`, `Nombre`, `DomicilioFiscal`, `DomicilioParticular`, `RFC`, `Telefono`, `Correo`, `Status`) VALUES ('4', 'Juanito', 'Corregidora norte', 'Calle sauces viva', 'MFREOR403940', '3245', 'ejem@fjire', '1');
INSERT INTO `sistemasintegrados2016`.`venclientes` (`IdCliente`, `Nombre`, `DomicilioFiscal`, `DomicilioParticular`, `RFC`, `Telefono`, `Correo`, `Status`) VALUES ('5', 'Juanito', 'Corregidora Sur', 'Calle Siempre viva', 'MFREOR403940', '3245', 'ejem@fjire', '1');
INSERT INTO `sistemasintegrados2016`.`venclientes` (`IdCliente`, `Nombre`, `DomicilioFiscal`, `DomicilioParticular`, `RFC`, `Telefono`, `Correo`, `Status`) VALUES ('6', 'Juanito', 'Corregidora norte', 'Calle sauces viva', 'MFREOR403940', '3245', 'ejem@fjire', '1');
INSERT INTO `sistemasintegrados2016`.`venclientes` (`IdCliente`, `Nombre`, `DomicilioFiscal`, `DomicilioParticular`, `RFC`, `Telefono`, `Correo`, `Status`) VALUES ('7', 'Juanito', 'Corregidora Sur', 'Calle Siempre viva', 'MFREOR403940', '3245', 'ejem@fjire', '1');
INSERT INTO `sistemasintegrados2016`.`venclientes` (`IdCliente`, `Nombre`, `DomicilioFiscal`, `DomicilioParticular`, `RFC`, `Telefono`, `Correo`, `Status`) VALUES ('8', 'Juanito', 'Corregidora norte', 'Calle Siempre viva', 'MFREOR403940', '3245', 'ejem@fjire', '1');
INSERT INTO `sistemasintegrados2016`.`venclientes` (`IdCliente`, `Nombre`, `DomicilioFiscal`, `DomicilioParticular`, `RFC`, `Telefono`, `Correo`, `Status`) VALUES ('9', 'Juanito', 'Corregidora Sur', 'Calle sauces viva', 'MFREOR403940', '3245', 'ejem@fjire', '1');
INSERT INTO `sistemasintegrados2016`.`venclientes` (`IdCliente`, `Nombre`, `DomicilioFiscal`, `DomicilioParticular`, `RFC`, `Telefono`, `Correo`, `Status`) VALUES ('10', 'Juanito', 'Corregidora norte', 'Calle Siempre viva', 'MFREOR403940', '3245', 'ejem@fjire', '1');
INSERT INTO `sistemasintegrados2016`.`venclientes` (`IdCliente`, `Nombre`, `DomicilioFiscal`, `DomicilioParticular`, `RFC`, `Telefono`, `Correo`, `Status`) VALUES ('11', 'Juanito', 'Corregidora Sur', 'Calle sauces viva', 'MFREOR403940', '3245', 'ejem@fjire', '1');
INSERT INTO `sistemasintegrados2016`.`venclientes` (`IdCliente`, `Nombre`, `DomicilioFiscal`, `DomicilioParticular`, `RFC`, `Telefono`, `Correo`, `Status`) VALUES ('12', 'Juanito', 'Corregidora norte', 'Calle Siempre viva', 'MFREOR403940', '3245', 'ejem@fjire', '1');
INSERT INTO `sistemasintegrados2016`.`venclientes` (`IdCliente`, `Nombre`, `DomicilioFiscal`, `DomicilioParticular`, `RFC`, `Telefono`, `Correo`, `Status`) VALUES ('13', 'Juanito', 'Corregidora Sur', 'Calle sauces viva', 'MFREOR403940', '3245', 'ejem@fjire', '1');
INSERT INTO `sistemasintegrados2016`.`venclientes` (`IdCliente`, `Nombre`, `DomicilioFiscal`, `DomicilioParticular`, `RFC`, `Telefono`, `Correo`, `Status`) VALUES ('14', 'Juanito', 'Corregidora norte', 'Calle Siempre viva', 'MFREOR403940', '3245', 'ejem@fjire', '1');
INSERT INTO `sistemasintegrados2016`.`venclientes` (`IdCliente`, `Nombre`, `DomicilioFiscal`, `DomicilioParticular`, `RFC`, `Telefono`, `Correo`, `Status`) VALUES ('15', 'Juanito', 'Corregidora Sur', 'Calle Siempre viva', 'MFREOR403940', '3245', 'ejem@fjire', '1');
INSERT INTO `sistemasintegrados2016`.`venclientes` (`IdCliente`, `Nombre`, `DomicilioFiscal`, `DomicilioParticular`, `RFC`, `Telefono`, `Correo`, `Status`) VALUES ('16', 'Juanito', 'Corregidora norte', 'Calle sauces viva', 'MFREOR403940', '3245', 'ejem@fjire', '1');
INSERT INTO `sistemasintegrados2016`.`venclientes` (`IdCliente`, `Nombre`, `DomicilioFiscal`, `DomicilioParticular`, `RFC`, `Telefono`, `Correo`, `Status`) VALUES ('17', 'Juanito', 'Corregidora Sur', 'Calle Siempre viva', 'MFREOR403940', '3245', 'ejem@fjire', '1');
INSERT INTO `sistemasintegrados2016`.`venclientes` (`IdCliente`, `Nombre`, `DomicilioFiscal`, `DomicilioParticular`, `RFC`, `Telefono`, `Correo`, `Status`) VALUES ('18', 'Juanito', 'Corregidora norte', 'Calle Siempre viva', 'MFREOR403940', '3245', 'ejem@fjire', '1');
INSERT INTO `sistemasintegrados2016`.`venclientes` (`IdCliente`, `Nombre`, `DomicilioFiscal`, `DomicilioParticular`, `RFC`, `Telefono`, `Correo`, `Status`) VALUES ('19', 'Juanito', 'Corregidora Sur', 'Calle sauces viva', 'MFREOR403940', '3245', 'ejem@fjire', '1');
INSERT INTO `sistemasintegrados2016`.`venclientes` (`IdCliente`, `Nombre`, `DomicilioFiscal`, `DomicilioParticular`, `RFC`, `Telefono`, `Correo`, `Status`) VALUES ('20', 'Juanito', 'Corregidora Sur', 'Calle Siempre viva', 'MFREOR403940', '3245', 'ejem@fjire', '1');

INSERT INTO `sistemasintegrados2016`.`venventas` (`IdVenta`, `Fecha`, `Monto`, `NumeroArticulo`, `Status`, `IdCliente`, `IdIngreso`) VALUES ('4', '2016-11-02', '24', '13', '1', '7', '33')
INSERT INTO `sistemasintegrados2016`.`venventas` (`IdVenta`, `Fecha`, `Monto`, `NumeroArticulo`, `Status`, `IdCliente`, `IdIngreso`) VALUES ('5', '2016-11-02', '25', '23', '1', '7', '33')
INSERT INTO `sistemasintegrados2016`.`venventas` (`IdVenta`, `Fecha`, `Monto`, `NumeroArticulo`, `Status`, `IdCliente`, `IdIngreso`) VALUES ('6', '2016-11-02', '26', '33', '1', '7', '33')
INSERT INTO `sistemasintegrados2016`.`venventas` (`IdVenta`, `Fecha`, `Monto`, `NumeroArticulo`, `Status`, `IdCliente`, `IdIngreso`) VALUES ('7', '2016-11-02', '27', '43', '1', '7', '33')
INSERT INTO `sistemasintegrados2016`.`venventas` (`IdVenta`, `Fecha`, `Monto`, `NumeroArticulo`, `Status`, `IdCliente`, `IdIngreso`) VALUES ('8', '2016-11-02', '28', '53', '1', '7', '33')
INSERT INTO `sistemasintegrados2016`.`venventas` (`IdVenta`, `Fecha`, `Monto`, `NumeroArticulo`, `Status`, `IdCliente`, `IdIngreso`) VALUES ('9', '2016-11-02', '29', '63', '1', '7', '33')
INSERT INTO `sistemasintegrados2016`.`venventas` (`IdVenta`, `Fecha`, `Monto`, `NumeroArticulo`, `Status`, `IdCliente`, `IdIngreso`) VALUES ('10', '2016-11-02', '21', '73', '1', '7', '33')
INSERT INTO `sistemasintegrados2016`.`venventas` (`IdVenta`, `Fecha`, `Monto`, `NumeroArticulo`, `Status`, `IdCliente`, `IdIngreso`) VALUES ('11', '2016-11-02', '22', '83', '1', '7', '33')
INSERT INTO `sistemasintegrados2016`.`venventas` (`IdVenta`, `Fecha`, `Monto`, `NumeroArticulo`, `Status`, `IdCliente`, `IdIngreso`) VALUES ('12', '2016-11-02', '23', '93', '1', '7', '33')
INSERT INTO `sistemasintegrados2016`.`venventas` (`IdVenta`, `Fecha`, `Monto`, `NumeroArticulo`, `Status`, `IdCliente`, `IdIngreso`) VALUES ('13', '2016-11-02', '24', '13', '1', '7', '33')
INSERT INTO `sistemasintegrados2016`.`venventas` (`IdVenta`, `Fecha`, `Monto`, `NumeroArticulo`, `Status`, `IdCliente`, `IdIngreso`) VALUES ('14', '2016-11-02', '25', '23', '1', '7', '33')
INSERT INTO `sistemasintegrados2016`.`venventas` (`IdVenta`, `Fecha`, `Monto`, `NumeroArticulo`, `Status`, `IdCliente`, `IdIngreso`) VALUES ('15', '2016-11-02', '26', '33', '1', '7', '33')
INSERT INTO `sistemasintegrados2016`.`venventas` (`IdVenta`, `Fecha`, `Monto`, `NumeroArticulo`, `Status`, `IdCliente`, `IdIngreso`) VALUES ('16', '2016-11-02', '27', '43', '1', '7', '33')
INSERT INTO `sistemasintegrados2016`.`venventas` (`IdVenta`, `Fecha`, `Monto`, `NumeroArticulo`, `Status`, `IdCliente`, `IdIngreso`) VALUES ('17', '2016-11-02', '28', '53', '1', '7', '33')
INSERT INTO `sistemasintegrados2016`.`venventas` (`IdVenta`, `Fecha`, `Monto`, `NumeroArticulo`, `Status`, `IdCliente`, `IdIngreso`) VALUES ('18', '2016-11-02', '21', '63', '1', '7', '33')
INSERT INTO `sistemasintegrados2016`.`venventas` (`IdVenta`, `Fecha`, `Monto`, `NumeroArticulo`, `Status`, `IdCliente`, `IdIngreso`) VALUES ('19', '2016-11-02', '22', '73', '1', '7', '33')
INSERT INTO `sistemasintegrados2016`.`venventas` (`IdVenta`, `Fecha`, `Monto`, `NumeroArticulo`, `Status`, `IdCliente`, `IdIngreso`) VALUES ('20', '2016-11-02', '23', '83', '1', '7', '33')
INSERT INTO `sistemasintegrados2016`.`venventas` (`IdVenta`, `Fecha`, `Monto`, `NumeroArticulo`, `Status`, `IdCliente`, `IdIngreso`) VALUES ('21', '2016-11-02', '24', '93', '1', '7', '33')
INSERT INTO `sistemasintegrados2016`.`venventas` (`IdVenta`, `Fecha`, `Monto`, `NumeroArticulo`, `Status`, `IdCliente`, `IdIngreso`) VALUES ('22', '2016-11-02', '25', '13', '1', '7', '33')
INSERT INTO `sistemasintegrados2016`.`venventas` (`IdVenta`, `Fecha`, `Monto`, `NumeroArticulo`, `Status`, `IdCliente`, `IdIngreso`) VALUES ('23', '2016-11-02', '26', '23', '1', '7', '33')

INSERT INTO `sistemasintegrados2016`.`vendevoluciones` (`IdDevolucion`, `Fecha`, `Motivo`, `IdVenta`, `IdCompra`) VALUES ('2', '2016-11-03', 'DEFECTO', '3', '4')
INSERT INTO `sistemasintegrados2016`.`vendevoluciones` (`IdDevolucion`, `Fecha`, `Motivo`, `IdVenta`, `IdCompra`) VALUES ('3', '2016-11-03', 'DEFECTO', '3', '4')
INSERT INTO `sistemasintegrados2016`.`vendevoluciones` (`IdDevolucion`, `Fecha`, `Motivo`, `IdVenta`, `IdCompra`) VALUES ('4', '2016-11-03', 'DEFECTO', '3', '4')
INSERT INTO `sistemasintegrados2016`.`vendevoluciones` (`IdDevolucion`, `Fecha`, `Motivo`, `IdVenta`, `IdCompra`) VALUES ('5', '2016-11-03', 'DEFECTO', '3', '4')
INSERT INTO `sistemasintegrados2016`.`vendevoluciones` (`IdDevolucion`, `Fecha`, `Motivo`, `IdVenta`, `IdCompra`) VALUES ('6', '2016-11-03', 'DEFECTO', '3', '4')
INSERT INTO `sistemasintegrados2016`.`vendevoluciones` (`IdDevolucion`, `Fecha`, `Motivo`, `IdVenta`, `IdCompra`) VALUES ('7', '2016-11-03', 'DEFECTO', '3', '4')
INSERT INTO `sistemasintegrados2016`.`vendevoluciones` (`IdDevolucion`, `Fecha`, `Motivo`, `IdVenta`, `IdCompra`) VALUES ('8', '2016-11-03', 'DEFECTO', '3', '4')
INSERT INTO `sistemasintegrados2016`.`vendevoluciones` (`IdDevolucion`, `Fecha`, `Motivo`, `IdVenta`, `IdCompra`) VALUES ('9', '2016-11-03', 'DEFECTO', '3', '4')
INSERT INTO `sistemasintegrados2016`.`vendevoluciones` (`IdDevolucion`, `Fecha`, `Motivo`, `IdVenta`, `IdCompra`) VALUES ('10', '2016-11-03', 'DEFECTO', '3', '4')
INSERT INTO `sistemasintegrados2016`.`vendevoluciones` (`IdDevolucion`, `Fecha`, `Motivo`, `IdVenta`, `IdCompra`) VALUES ('11', '2016-11-03', 'DEFECTO', '3', '4')
INSERT INTO `sistemasintegrados2016`.`vendevoluciones` (`IdDevolucion`, `Fecha`, `Motivo`, `IdVenta`, `IdCompra`) VALUES ('12', '2016-11-03', 'DEFECTO', '3', '4')
INSERT INTO `sistemasintegrados2016`.`vendevoluciones` (`IdDevolucion`, `Fecha`, `Motivo`, `IdVenta`, `IdCompra`) VALUES ('13', '2016-11-03', 'DEFECTO', '3', '4')
INSERT INTO `sistemasintegrados2016`.`vendevoluciones` (`IdDevolucion`, `Fecha`, `Motivo`, `IdVenta`, `IdCompra`) VALUES ('14', '2016-11-03', 'DEFECTO', '3', '4')
INSERT INTO `sistemasintegrados2016`.`vendevoluciones` (`IdDevolucion`, `Fecha`, `Motivo`, `IdVenta`, `IdCompra`) VALUES ('15', '2016-11-03', 'DEFECTO', '3', '4')
INSERT INTO `sistemasintegrados2016`.`vendevoluciones` (`IdDevolucion`, `Fecha`, `Motivo`, `IdVenta`, `IdCompra`) VALUES ('16', '2016-11-03', 'DEFECTO', '3', '4')
INSERT INTO `sistemasintegrados2016`.`vendevoluciones` (`IdDevolucion`, `Fecha`, `Motivo`, `IdVenta`, `IdCompra`) VALUES ('17', '2016-11-03', 'DEFECTO', '3', '4')
INSERT INTO `sistemasintegrados2016`.`vendevoluciones` (`IdDevolucion`, `Fecha`, `Motivo`, `IdVenta`, `IdCompra`) VALUES ('18', '2016-11-03', 'DEFECTO', '3', '4')
INSERT INTO `sistemasintegrados2016`.`vendevoluciones` (`IdDevolucion`, `Fecha`, `Motivo`, `IdVenta`, `IdCompra`) VALUES ('19', '2016-11-03', 'DEFECTO', '3', '4')
INSERT INTO `sistemasintegrados2016`.`vendevoluciones` (`IdDevolucion`, `Fecha`, `Motivo`, `IdVenta`, `IdCompra`) VALUES ('20', '2016-11-03', 'DEFECTO', '3', '4')
INSERT INTO `sistemasintegrados2016`.`vendevoluciones` (`IdDevolucion`, `Fecha`, `Motivo`, `IdVenta`, `IdCompra`) VALUES ('21', '2016-11-03', 'DEFECTO', '3', '4')

INSERT INTO `sistemasintegrados2016`.`vendetalleventas` (`IdDetalleVenta`, `IdVenta`, `IdProducto`, `PrecioUnitario`, `Cantidad`, `Descuento`) VALUES ('2', '3', '4', '12', '4', '2')
INSERT INTO `sistemasintegrados2016`.`vendetalleventas` (`IdDetalleVenta`, `IdVenta`, `IdProducto`, `PrecioUnitario`, `Cantidad`, `Descuento`) VALUES ('3', '3', '4', '12', '4', '2')
INSERT INTO `sistemasintegrados2016`.`vendetalleventas` (`IdDetalleVenta`, `IdVenta`, `IdProducto`, `PrecioUnitario`, `Cantidad`, `Descuento`) VALUES ('4', '3', '4', '12', '4', '2')
INSERT INTO `sistemasintegrados2016`.`vendetalleventas` (`IdDetalleVenta`, `IdVenta`, `IdProducto`, `PrecioUnitario`, `Cantidad`, `Descuento`) VALUES ('5', '3', '4', '12', '4', '2')
INSERT INTO `sistemasintegrados2016`.`vendetalleventas` (`IdDetalleVenta`, `IdVenta`, `IdProducto`, `PrecioUnitario`, `Cantidad`, `Descuento`) VALUES ('6', '3', '4', '12', '4', '2')
INSERT INTO `sistemasintegrados2016`.`vendetalleventas` (`IdDetalleVenta`, `IdVenta`, `IdProducto`, `PrecioUnitario`, `Cantidad`, `Descuento`) VALUES ('7', '3', '4', '12', '4', '2')
INSERT INTO `sistemasintegrados2016`.`vendetalleventas` (`IdDetalleVenta`, `IdVenta`, `IdProducto`, `PrecioUnitario`, `Cantidad`, `Descuento`) VALUES ('8', '3', '4', '12', '4', '2')
INSERT INTO `sistemasintegrados2016`.`vendetalleventas` (`IdDetalleVenta`, `IdVenta`, `IdProducto`, `PrecioUnitario`, `Cantidad`, `Descuento`) VALUES ('9', '3', '4', '12', '4', '2')
INSERT INTO `sistemasintegrados2016`.`vendetalleventas` (`IdDetalleVenta`, `IdVenta`, `IdProducto`, `PrecioUnitario`, `Cantidad`, `Descuento`) VALUES ('10', '3', '4', '12', '4', '2')
INSERT INTO `sistemasintegrados2016`.`vendetalleventas` (`IdDetalleVenta`, `IdVenta`, `IdProducto`, `PrecioUnitario`, `Cantidad`, `Descuento`) VALUES ('11', '3', '4', '12', '4', '2')
INSERT INTO `sistemasintegrados2016`.`vendetalleventas` (`IdDetalleVenta`, `IdVenta`, `IdProducto`, `PrecioUnitario`, `Cantidad`, `Descuento`) VALUES ('12', '3', '4', '12', '4', '2')
INSERT INTO `sistemasintegrados2016`.`vendetalleventas` (`IdDetalleVenta`, `IdVenta`, `IdProducto`, `PrecioUnitario`, `Cantidad`, `Descuento`) VALUES ('13', '3', '4', '12', '4', '2')
INSERT INTO `sistemasintegrados2016`.`vendetalleventas` (`IdDetalleVenta`, `IdVenta`, `IdProducto`, `PrecioUnitario`, `Cantidad`, `Descuento`) VALUES ('14', '3', '4', '12', '4', '2')
INSERT INTO `sistemasintegrados2016`.`vendetalleventas` (`IdDetalleVenta`, `IdVenta`, `IdProducto`, `PrecioUnitario`, `Cantidad`, `Descuento`) VALUES ('15', '3', '4', '12', '4', '2')
INSERT INTO `sistemasintegrados2016`.`vendetalleventas` (`IdDetalleVenta`, `IdVenta`, `IdProducto`, `PrecioUnitario`, `Cantidad`, `Descuento`) VALUES ('16', '3', '4', '12', '4', '2')
INSERT INTO `sistemasintegrados2016`.`vendetalleventas` (`IdDetalleVenta`, `IdVenta`, `IdProducto`, `PrecioUnitario`, `Cantidad`, `Descuento`) VALUES ('17', '3', '4', '12', '4', '2')
INSERT INTO `sistemasintegrados2016`.`vendetalleventas` (`IdDetalleVenta`, `IdVenta`, `IdProducto`, `PrecioUnitario`, `Cantidad`, `Descuento`) VALUES ('18', '3', '4', '12', '4', '2')
INSERT INTO `sistemasintegrados2016`.`vendetalleventas` (`IdDetalleVenta`, `IdVenta`, `IdProducto`, `PrecioUnitario`, `Cantidad`, `Descuento`) VALUES ('19', '3', '4', '12', '4', '2')
INSERT INTO `sistemasintegrados2016`.`vendetalleventas` (`IdDetalleVenta`, `IdVenta`, `IdProducto`, `PrecioUnitario`, `Cantidad`, `Descuento`) VALUES ('20', '3', '4', '12', '4', '2')
INSERT INTO `sistemasintegrados2016`.`vendetalleventas` (`IdDetalleVenta`, `IdVenta`, `IdProducto`, `PrecioUnitario`, `Cantidad`, `Descuento`) VALUES ('21', '3', '4', '12', '4', '2')

INSERT INTO `sistemasintegrados2016`.`systiposcuentas` (`IdTipo`, `Nombre`, `Status`, `IdPermiso`) VALUES ('3', 'proveedores', '1', '44');
INSERT INTO `sistemasintegrados2016`.`systiposcuentas` (`IdTipo`, `Nombre`, `Status`, `IdPermiso`) VALUES ('4', 'mercadotecnia', '1', '44');
INSERT INTO `sistemasintegrados2016`.`systiposcuentas` (`IdTipo`, `Nombre`, `Status`, `IdPermiso`) VALUES ('5', 'proveedores', '1', '44');
INSERT INTO `sistemasintegrados2016`.`systiposcuentas` (`IdTipo`, `Nombre`, `Status`, `IdPermiso`) VALUES ('6', 'mercadotecnia', '1', '44');
INSERT INTO `sistemasintegrados2016`.`systiposcuentas` (`IdTipo`, `Nombre`, `Status`, `IdPermiso`) VALUES ('7', 'proveedores', '1', '44');
INSERT INTO `sistemasintegrados2016`.`systiposcuentas` (`IdTipo`, `Nombre`, `Status`, `IdPermiso`) VALUES ('8', 'proveedores', '1', '44');
INSERT INTO `sistemasintegrados2016`.`systiposcuentas` (`IdTipo`, `Nombre`, `Status`, `IdPermiso`) VALUES ('9', 'mercadotecnia', '1', '44');
INSERT INTO `sistemasintegrados2016`.`systiposcuentas` (`IdTipo`, `Nombre`, `Status`, `IdPermiso`) VALUES ('10', 'proveedores', '1', '44');
INSERT INTO `sistemasintegrados2016`.`systiposcuentas` (`IdTipo`, `Nombre`, `Status`, `IdPermiso`) VALUES ('11', 'proveedores', '1', '44');
INSERT INTO `sistemasintegrados2016`.`systiposcuentas` (`IdTipo`, `Nombre`, `Status`, `IdPermiso`) VALUES ('12', 'proveedores', '1', '44');
INSERT INTO `sistemasintegrados2016`.`systiposcuentas` (`IdTipo`, `Nombre`, `Status`, `IdPermiso`) VALUES ('13', 'proveedores', '1', '44');
INSERT INTO `sistemasintegrados2016`.`systiposcuentas` (`IdTipo`, `Nombre`, `Status`, `IdPermiso`) VALUES ('14', 'mercadotecnia', '1', '44');
INSERT INTO `sistemasintegrados2016`.`systiposcuentas` (`IdTipo`, `Nombre`, `Status`, `IdPermiso`) VALUES ('15', 'proveedores', '1', '44');
INSERT INTO `sistemasintegrados2016`.`systiposcuentas` (`IdTipo`, `Nombre`, `Status`, `IdPermiso`) VALUES ('16', 'proveedores', '1', '44');
INSERT INTO `sistemasintegrados2016`.`systiposcuentas` (`IdTipo`, `Nombre`, `Status`, `IdPermiso`) VALUES ('17', 'mercadotecnia', '1', '44');
INSERT INTO `sistemasintegrados2016`.`systiposcuentas` (`IdTipo`, `Nombre`, `Status`, `IdPermiso`) VALUES ('18', 'proveedores', '1', '44');
INSERT INTO `sistemasintegrados2016`.`systiposcuentas` (`IdTipo`, `Nombre`, `Status`, `IdPermiso`) VALUES ('19', 'mercadotecnia', '1', '44');
INSERT INTO `sistemasintegrados2016`.`systiposcuentas` (`IdTipo`, `Nombre`, `Status`, `IdPermiso`) VALUES ('20', 'proveedores', '1', '44');
INSERT INTO `sistemasintegrados2016`.`systiposcuentas` (`IdTipo`, `Nombre`, `Status`, `IdPermiso`) VALUES ('21', 'proveedores', '1', '44');
INSERT INTO `sistemasintegrados2016`.`systiposcuentas` (`IdTipo`, `Nombre`, `Status`, `IdPermiso`) VALUES ('22', 'mercadotecnia', '1', '44');

INSERT INTO `sistemasintegrados2016`.`syscuentas` (`IdCuenta`, `Password`, `TipoCuenta`, `Intentos`, `Status`, `FechaUltimoAcceso`, `IdTipo`) VALUES ('12', '123', 'proveedore', '3', '1', '2016-11-03', '3');
INSERT INTO `sistemasintegrados2016`.`syscuentas` (`IdCuenta`, `Password`, `TipoCuenta`, `Intentos`, `Status`, `FechaUltimoAcceso`, `IdTipo`) VALUES ('13', '123', 'mecadotecnia', '3', '1', '2016-11-03', '3');
INSERT INTO `sistemasintegrados2016`.`syscuentas` (`IdCuenta`, `Password`, `TipoCuenta`, `Intentos`, `Status`, `FechaUltimoAcceso`, `IdTipo`) VALUES ('14', '123', 'proveedore', '3', '1', '2016-11-03', '3');
INSERT INTO `sistemasintegrados2016`.`syscuentas` (`IdCuenta`, `Password`, `TipoCuenta`, `Intentos`, `Status`, `FechaUltimoAcceso`, `IdTipo`) VALUES ('15', '123', 'mecadotecnia', '3', '1', '2016-11-03', '3');
INSERT INTO `sistemasintegrados2016`.`syscuentas` (`IdCuenta`, `Password`, `TipoCuenta`, `Intentos`, `Status`, `FechaUltimoAcceso`, `IdTipo`) VALUES ('16', '123', 'proveedore', '3', '1', '2016-11-03', '3');
INSERT INTO `sistemasintegrados2016`.`syscuentas` (`IdCuenta`, `Password`, `TipoCuenta`, `Intentos`, `Status`, `FechaUltimoAcceso`, `IdTipo`) VALUES ('17', '123', 'proveedore', '3', '1', '2016-11-03', '3');
INSERT INTO `sistemasintegrados2016`.`syscuentas` (`IdCuenta`, `Password`, `TipoCuenta`, `Intentos`, `Status`, `FechaUltimoAcceso`, `IdTipo`) VALUES ('18', '123', 'proveedore', '3', '1', '2016-11-03', '3');
INSERT INTO `sistemasintegrados2016`.`syscuentas` (`IdCuenta`, `Password`, `TipoCuenta`, `Intentos`, `Status`, `FechaUltimoAcceso`, `IdTipo`) VALUES ('19', '123', 'mecadotecnia', '3', '1', '2016-11-03', '3');
INSERT INTO `sistemasintegrados2016`.`syscuentas` (`IdCuenta`, `Password`, `TipoCuenta`, `Intentos`, `Status`, `FechaUltimoAcceso`, `IdTipo`) VALUES ('20', '123', 'proveedore', '3', '1', '2016-11-03', '3');
INSERT INTO `sistemasintegrados2016`.`syscuentas` (`IdCuenta`, `Password`, `TipoCuenta`, `Intentos`, `Status`, `FechaUltimoAcceso`, `IdTipo`) VALUES ('21', '123', 'proveedore', '3', '1', '2016-11-03', '3');
INSERT INTO `sistemasintegrados2016`.`syscuentas` (`IdCuenta`, `Password`, `TipoCuenta`, `Intentos`, `Status`, `FechaUltimoAcceso`, `IdTipo`) VALUES ('22', '123', 'proveedore', '3', '1', '2016-11-03', '3');
INSERT INTO `sistemasintegrados2016`.`syscuentas` (`IdCuenta`, `Password`, `TipoCuenta`, `Intentos`, `Status`, `FechaUltimoAcceso`, `IdTipo`) VALUES ('23', '123', 'mecadotecnia', '3', '1', '2016-11-03', '3');
INSERT INTO `sistemasintegrados2016`.`syscuentas` (`IdCuenta`, `Password`, `TipoCuenta`, `Intentos`, `Status`, `FechaUltimoAcceso`, `IdTipo`) VALUES ('24', '123', 'proveedore', '3', '1', '2016-11-03', '3');
INSERT INTO `sistemasintegrados2016`.`syscuentas` (`IdCuenta`, `Password`, `TipoCuenta`, `Intentos`, `Status`, `FechaUltimoAcceso`, `IdTipo`) VALUES ('25', '123', 'mecadotecnia', '3', '1', '2016-11-03', '3');
INSERT INTO `sistemasintegrados2016`.`syscuentas` (`IdCuenta`, `Password`, `TipoCuenta`, `Intentos`, `Status`, `FechaUltimoAcceso`, `IdTipo`) VALUES ('26', '123', 'proveedore', '3', '1', '2016-11-03', '3');
INSERT INTO `sistemasintegrados2016`.`syscuentas` (`IdCuenta`, `Password`, `TipoCuenta`, `Intentos`, `Status`, `FechaUltimoAcceso`, `IdTipo`) VALUES ('27', '123', 'proveedore', '3', '1', '2016-11-03', '3');
INSERT INTO `sistemasintegrados2016`.`syscuentas` (`IdCuenta`, `Password`, `TipoCuenta`, `Intentos`, `Status`, `FechaUltimoAcceso`, `IdTipo`) VALUES ('28', '123', 'mecadotecnia', '3', '1', '2016-11-03', '3');
INSERT INTO `sistemasintegrados2016`.`syscuentas` (`IdCuenta`, `Password`, `TipoCuenta`, `Intentos`, `Status`, `FechaUltimoAcceso`, `IdTipo`) VALUES ('29', '123', 'proveedore', '3', '1', '2016-11-03', '3');
INSERT INTO `sistemasintegrados2016`.`syscuentas` (`IdCuenta`, `Password`, `TipoCuenta`, `Intentos`, `Status`, `FechaUltimoAcceso`, `IdTipo`) VALUES ('30', '123', 'proveedore', '3', '1', '2016-11-03', '3');
INSERT INTO `sistemasintegrados2016`.`syscuentas` (`IdCuenta`, `Password`, `TipoCuenta`, `Intentos`, `Status`, `FechaUltimoAcceso`, `IdTipo`) VALUES ('31', '123', 'mecadotecnias', '3', '1', '2016-11-03', '3');

